"id","name","meaning","start_pos","end_pos","assumed_comma","type","default_value","cnab_line_id/id","notes","sending_dynamic_content","content_source_field","return_dynamic_content","content_dest_field","cnab_group_id/id"
"l10n_br_cnab_structure_payment_bb.cnab_bb_240_header_1_3","CODIGO DO BANCO","CODIGO DO BANCO NA COMPENSACAO","1","3","0","num","001","l10n_br_cnab_structure_payment_bb.cnab_bb_240_header","","","","","",""
"l10n_br_cnab_structure_payment_bb.cnab_bb_240_header_4_7","LOTE DE SERVICO","NUMERO DO LOTE","4","7","0","num","0000","l10n_br_cnab_structure_payment_bb.cnab_bb_240_header","","","","","",""
"l10n_br_cnab_structure_payment_bb.cnab_bb_240_header_8_8","TIPO DE REGISTRO","TIPO DE REGISTRO","8","8","0","num","0","l10n_br_cnab_structure_payment_bb.cnab_bb_240_header","","","","","",""
"l10n_br_cnab_structure_payment_bb.cnab_bb_240_header_9_17","BRANCOS","USO EXCLUSIVO FEBRABAN","9","17","0","alpha","","l10n_br_cnab_structure_payment_bb.cnab_bb_240_header","","","","","",""
"l10n_br_cnab_structure_payment_bb.cnab_bb_240_header_18_18","TIPO INSCRICAO","TIPO DE INSCRICAO DA EMPRESA","18","18","0","num","2","l10n_br_cnab_structure_payment_bb.cnab_bb_240_header","1=CPF 2=CNPJ","","","company_id.is_company","",""
"l10n_br_cnab_structure_payment_bb.cnab_bb_240_header_19_32","NUMERO INSCRICAO","NUMERO DE INSCRICAO DA EMPRESA","19","32","0","num","","l10n_br_cnab_structure_payment_bb.cnab_bb_240_header","","","company_id.cnpj_cpf","","cnpj_cpf",""
"l10n_br_cnab_structure_payment_bb.cnab_bb_240_header_33_41","CONVENIO BB1","NUMERO DO CONVENIO","33","41","0","num","000000000","l10n_br_cnab_structure_payment_bb.cnab_bb_240_header","","","cnab_config_id.cnab_company_bank_code","","",""
"l10n_br_cnab_structure_payment_bb.cnab_bb_240_header_42_45","CONVENIO BB2","CODIGO DO CONVENIO","42","45","0","num","0126","l10n_br_cnab_structure_payment_bb.cnab_bb_240_header","","","","","",""
"l10n_br_cnab_structure_payment_bb.cnab_bb_240_header_46_50","BRANCOS","USO EXCLUSIVO FEBRABAN","46","50","0","alpha","","l10n_br_cnab_structure_payment_bb.cnab_bb_240_header","","","","","",""
"l10n_br_cnab_structure_payment_bb.cnab_bb_240_header_51_52","PRODUCAO/TESTE","EM PRODUCAO = BRANCOS / EM TESTE = 'TS'","51","52","0","alpha","  ","l10n_br_cnab_structure_payment_bb.cnab_bb_240_header","","","","","",""
"l10n_br_cnab_structure_payment_bb.cnab_bb_240_header_53_57","AGENCIA","AGENCIA MANTENEDORA DA CONTA","53","57","0","num","","l10n_br_cnab_structure_payment_bb.cnab_bb_240_header","","","company_partner_bank_id.bra_number","","",""
"l10n_br_cnab_structure_payment_bb.cnab_bb_240_header_58_58","DIGITO AGENCIA","DIGITO DA AGENCIA","58","58","0","num","","l10n_br_cnab_structure_payment_bb.cnab_bb_240_header","","","company_partner_bank_id.bra_number_dig","","",""
"l10n_br_cnab_structure_payment_bb.cnab_bb_240_header_59_70","CONTA","NUMERO DA CONTA CORRENTE","59","70","0","num","","l10n_br_cnab_structure_payment_bb.cnab_bb_240_header","","","company_partner_bank_id.acc_number","","",""
"l10n_br_cnab_structure_payment_bb.cnab_bb_240_header_71_71","DIGITO CONTA","DIGITO DA CONTA","71","71","0","num","","l10n_br_cnab_structure_payment_bb.cnab_bb_240_header","","","company_partner_bank_id.acc_number_dig","","",""
"l10n_br_cnab_structure_payment_bb.cnab_bb_240_header_72_72","DIGITO AG/CONTA","DIGITO AGENCIA/CONTA","72","72","0","alpha","","l10n_br_cnab_structure_payment_bb.cnab_bb_240_header","","","","","",""
"l10n_br_cnab_structure_payment_bb.cnab_bb_240_header_73_102","NOME EMPRESA","NOME DA EMPRESA","73","102","0","alpha","","l10n_br_cnab_structure_payment_bb.cnab_bb_240_header","","","company_id.legal_name","","",""
"l10n_br_cnab_structure_payment_bb.cnab_bb_240_header_103_132","NOME BANCO","NOME DO BANCO","103","132","0","alpha","BANCO DO BRASIL","l10n_br_cnab_structure_payment_bb.cnab_bb_240_header","","","","","",""
"l10n_br_cnab_structure_payment_bb.cnab_bb_240_header_133_142","BRANCOS","USO EXCLUSIVO FEBRABAN","133","142","0","alpha","","l10n_br_cnab_structure_payment_bb.cnab_bb_240_header","","","","","",""
"l10n_br_cnab_structure_payment_bb.cnab_bb_240_header_143_143","COD REMESSA","CODIGO REMESSA/RETORNO","143","143","0","num","1","l10n_br_cnab_structure_payment_bb.cnab_bb_240_header","1=Remessa 2=Retorno","","","","",""
"l10n_br_cnab_structure_payment_bb.cnab_bb_240_header_144_151","DATA GERACAO","DATA DE GERACAO DO ARQUIVO","144","151","0","num","","l10n_br_cnab_structure_payment_bb.cnab_bb_240_header","DDMMAAAA","time.strftime(""%d%m%Y"")","","","",""
"l10n_br_cnab_structure_payment_bb.cnab_bb_240_header_152_157","HORA GERACAO","HORA DE GERACAO DO ARQUIVO","152","157","0","num","","l10n_br_cnab_structure_payment_bb.cnab_bb_240_header","HHMMSS","time.strftime(""%H%M%S"")","","","",""
"l10n_br_cnab_structure_payment_bb.cnab_bb_240_header_158_163","NUMERO ARQUIVO","NUMERO SEQUENCIAL DO ARQUIVO","158","163","0","num","000001","l10n_br_cnab_structure_payment_bb.cnab_bb_240_header","","seq_record_detail","","","seq_number",""
"l10n_br_cnab_structure_payment_bb.cnab_bb_240_header_164_166","VERSAO LAYOUT","VERSAO DO LAYOUT DO ARQUIVO","164","166","0","num","081","l10n_br_cnab_structure_payment_bb.cnab_bb_240_header","","","","","",""
"l10n_br_cnab_structure_payment_bb.cnab_bb_240_header_167_171","DENSIDADE","DENSIDADE DE GRAVACAO","167","171","0","num","01600","l10n_br_cnab_structure_payment_bb.cnab_bb_240_header","","","","","",""
"l10n_br_cnab_structure_payment_bb.cnab_bb_240_header_172_191","BRANCOS","USO EXCLUSIVO FEBRABAN","172","191","0","alpha","","l10n_br_cnab_structure_payment_bb.cnab_bb_240_header","","","","","",""
"l10n_br_cnab_structure_payment_bb.cnab_bb_240_header_192_211","BRANCOS","USO EXCLUSIVO FEBRABAN","192","211","0","alpha","","l10n_br_cnab_structure_payment_bb.cnab_bb_240_header","","","","","",""
"l10n_br_cnab_structure_payment_bb.cnab_bb_240_header_212_240","BRANCOS","USO EXCLUSIVO FEBRABAN","212","240","0","alpha","","l10n_br_cnab_structure_payment_bb.cnab_bb_240_header","","","","","",""
"l10n_br_cnab_structure_payment_bb.cnab_bb_240_pagamentos_header_1_3","CODIGO DO BANCO","CODIGO DO BANCO NA COMPENSACAO","1","3","0","num","001","l10n_br_cnab_structure_payment_bb.cnab_bb_240_pagamentos_header","","","company_partner_bank_id.bank_id.code_bc","","partner_bank_code",""
"l10n_br_cnab_structure_payment_bb.cnab_bb_240_pagamentos_header_4_7","LOTE DE SERVICO","NUMERO DO LOTE","4","7","0","num","","l10n_br_cnab_structure_payment_bb.cnab_bb_240_pagamentos_header","","seq_batch","","","batch_code",""
"l10n_br_cnab_structure_payment_bb.cnab_bb_240_pagamentos_header_8_8","TIPO DE REGISTRO","TIPO DE REGISTRO","8","8","0","num","1","l10n_br_cnab_structure_payment_bb.cnab_bb_240_pagamentos_header","","","","","",""
"l10n_br_cnab_structure_payment_bb.cnab_bb_240_pagamentos_header_9_9","TIPO DE OPERACAO","TIPO DA OPERACAO","9","9","0","alpha","C","l10n_br_cnab_structure_payment_bb.cnab_bb_240_pagamentos_header","C=CREDITO","","","","",""
"l10n_br_cnab_structure_payment_bb.cnab_bb_240_pagamentos_header_10_11","TIPO DE PAGAMENTO","FORMA DE PAGAMENTO","10","11","0","num","98","l10n_br_cnab_structure_payment_bb.cnab_bb_240_pagamentos_header","20=Pagar Fornecedor 30=Salário 98=Diversos","payment_way_code","","","",""
"l10n_br_cnab_structure_payment_bb.cnab_bb_240_pagamentos_header_12_13","FORMA DE PAGAMENTO","FORMA DE PAGAMENTO","12","13","0","num","01","l10n_br_cnab_structure_payment_bb.cnab_bb_240_pagamentos_header","01=Credito em Conta 41=TED Outra Titularidade","payment_way_code","","","",""
"l10n_br_cnab_structure_payment_bb.cnab_bb_240_pagamentos_header_14_16","LAYOUT DO LOTE","VERSAO DO LAYOUT DO LOTE","14","16","0","num","030","l10n_br_cnab_structure_payment_bb.cnab_bb_240_pagamentos_header","","","","","",""
"l10n_br_cnab_structure_payment_bb.cnab_bb_240_pagamentos_header_17_17","BRANCOS","USO EXCLUSIVO FEBRABAN","17","17","0","alpha","","l10n_br_cnab_structure_payment_bb.cnab_bb_240_pagamentos_header","","","","","",""
"l10n_br_cnab_structure_payment_bb.cnab_bb_240_pagamentos_header_18_18","TIPO INSCRICAO","TIPO DE INSCRICAO DA EMPRESA","18","18","0","num","2","l10n_br_cnab_structure_payment_bb.cnab_bb_240_pagamentos_header","1=CPF 2=CNPJ","","","","",""
"l10n_br_cnab_structure_payment_bb.cnab_bb_240_pagamentos_header_19_32","NUMERO INSCRICAO","NUMERO DE INSCRICAO DA EMPRESA","19","32","0","num","","l10n_br_cnab_structure_payment_bb.cnab_bb_240_pagamentos_header","","","company_id.cnpj_cpf","","cnpj_cpf",""
"l10n_br_cnab_structure_payment_bb.cnab_bb_240_pagamentos_header_33_41","CONVENIO BB1","NUMERO DO CONVENIO","33","41","0","num","000000000","l10n_br_cnab_structure_payment_bb.cnab_bb_240_pagamentos_header","","","cnab_config_id.cnab_company_bank_code","","",""
"l10n_br_cnab_structure_payment_bb.cnab_bb_240_pagamentos_header_42_45","CONVENIO BB2","CODIGO DO CONVENIO","42","45","0","num","0126","l10n_br_cnab_structure_payment_bb.cnab_bb_240_pagamentos_header","","","","","",""
"l10n_br_cnab_structure_payment_bb.cnab_bb_240_pagamentos_header_46_50","BRANCOS","USO EXCLUSIVO FEBRABAN","46","50","0","alpha","","l10n_br_cnab_structure_payment_bb.cnab_bb_240_pagamentos_header","","","","","",""
"l10n_br_cnab_structure_payment_bb.cnab_bb_240_pagamentos_header_51_52","PRODUCAO/TESTE","EM PRODUCAO = BRANCOS / EM TESTE = 'TS'","51","52","0","alpha","  ","l10n_br_cnab_structure_payment_bb.cnab_bb_240_pagamentos_header","","","","","",""
"l10n_br_cnab_structure_payment_bb.cnab_bb_240_pagamentos_header_53_57","AGENCIA","AGENCIA MANTENEDORA DA CONTA","53","57","0","num","","l10n_br_cnab_structure_payment_bb.cnab_bb_240_pagamentos_header","","","company_partner_bank_id.bra_number","","",""
"l10n_br_cnab_structure_payment_bb.cnab_bb_240_pagamentos_header_58_58","DIGITO AGENCIA","DIGITO DA AGENCIA","58","58","0","num","","l10n_br_cnab_structure_payment_bb.cnab_bb_240_pagamentos_header","","","company_partner_bank_id.bra_number_dig","","",""
"l10n_br_cnab_structure_payment_bb.cnab_bb_240_pagamentos_header_59_70","CONTA","NUMERO DA CONTA CORRENTE","59","70","0","num","","l10n_br_cnab_structure_payment_bb.cnab_bb_240_pagamentos_header","","","company_partner_bank_id.acc_number","","",""
"l10n_br_cnab_structure_payment_bb.cnab_bb_240_pagamentos_header_71_71","DIGITO CONTA","DIGITO DA CONTA","71","71","0","num","","l10n_br_cnab_structure_payment_bb.cnab_bb_240_pagamentos_header","","","company_partner_bank_id.acc_number_dig","","",""
"l10n_br_cnab_structure_payment_bb.cnab_bb_240_pagamentos_header_72_72","DIGITO AG/CONTA","DIGITO AGENCIA/CONTA","72","72","0","alpha","","l10n_br_cnab_structure_payment_bb.cnab_bb_240_pagamentos_header","","","","","",""
"l10n_br_cnab_structure_payment_bb.cnab_bb_240_pagamentos_header_73_102","NOME EMPRESA","NOME DA EMPRESA","73","102","0","alpha","","l10n_br_cnab_structure_payment_bb.cnab_bb_240_pagamentos_header","","","company_id.legal_name","","",""
"l10n_br_cnab_structure_payment_bb.cnab_bb_240_pagamentos_header_103_132","MENSAGEM 1","MENSAGEM PARA O EXTRATO DO FAVORECIDO","103","132","0","alpha","","l10n_br_cnab_structure_payment_bb.cnab_bb_240_pagamentos_header","","","","","",""
"l10n_br_cnab_structure_payment_bb.cnab_bb_240_pagamentos_header_133_142","MENSAGEM 2","MENSAGEM PARA O EXTRATO DO FAVORECIDO","133","142","0","alpha","","l10n_br_cnab_structure_payment_bb.cnab_bb_240_pagamentos_header","","","","","",""
"l10n_br_cnab_structure_payment_bb.cnab_bb_240_pagamentos_header_143_172","NUMERO REMESSA","NUMERO DA REMESSA","143","172","0","num","","l10n_br_cnab_structure_payment_bb.cnab_bb_240_pagamentos_header","","seq_batch","","","",""
"l10n_br_cnab_structure_payment_bb.cnab_bb_240_pagamentos_header_173_177","DATA DE GERACAO","DATA DE GERACAO DO ARQUIVO","173","177","0","num","","l10n_br_cnab_structure_payment_bb.cnab_bb_240_pagamentos_header","DDMMA","time.strftime(""%d%m%y"")","","","",""
"l10n_br_cnab_structure_payment_bb.cnab_bb_240_pagamentos_header_178_192","VALOR TOTAL","VALOR TOTAL DO LOTE","178","192","0","num","","l10n_br_cnab_structure_payment_bb.cnab_bb_240_pagamentos_header","","sum(line.amount_currency for line in batch_detail_lines)","","","",""
"l10n_br_cnab_structure_payment_bb.cnab_bb_240_pagamentos_header_193_240","BRANCOS","USO EXCLUSIVO BANCO","193","240","0","alpha","","l10n_br_cnab_structure_payment_bb.cnab_bb_240_pagamentos_header","","","","","",""
"l10n_br_cnab_structure_payment_bb.cnab_bb_240_pagamentos_segmento_a_1_3","CODIGO DO BANCO","CODIGO DO BANCO NA COMPENSACAO","1","3","0","num","001","l10n_br_cnab_structure_payment_bb.cnab_bb_240_pagamentos_segmento_a","","","partner_bank_id.bank_id.code_bc","","partner_bank_code",""
"l10n_br_cnab_structure_payment_bb.cnab_bb_240_pagamentos_segmento_a_4_7","LOTE DE SERVICO","NUMERO DO LOTE","4","7","0","num","","l10n_br_cnab_structure_payment_bb.cnab_bb_240_pagamentos_segmento_a","","seq_batch","","","batch_code",""
"l10n_br_cnab_structure_payment_bb.cnab_bb_240_pagamentos_segmento_a_8_8","TIPO DE REGISTRO","TIPO DE REGISTRO","8","8","0","num","3","l10n_br_cnab_structure_payment_bb.cnab_bb_240_pagamentos_segmento_a","","","","","record_type",""
"l10n_br_cnab_structure_payment_bb.cnab_bb_240_pagamentos_segmento_a_9_13","Nº REGISTRO","NUMERO SEQUENCIAL DO REGISTRO","9","13","0","num","","l10n_br_cnab_structure_payment_bb.cnab_bb_240_pagamentos_segmento_a","","seq_record_detail","","","seq_number",""
"l10n_br_cnab_structure_payment_bb.cnab_bb_240_pagamentos_segmento_a_14_14","SEGMENTO","CODIGO DO SEGMENTO","14","14","0","alpha","A","l10n_br_cnab_structure_payment_bb.cnab_bb_240_pagamentos_segmento_a","","","","","segment",""
"l10n_br_cnab_structure_payment_bb.cnab_bb_240_pagamentos_segmento_a_15_15","TIPO DE MOVIMENTO","TIPO DE MOVIMENTO","15","15","0","num","0","l10n_br_cnab_structure_payment_bb.cnab_bb_240_pagamentos_segmento_a","0=Inclusao 5=Alteracao 9=Exclusao","","","","move_type_code",""
"l10n_br_cnab_structure_payment_bb.cnab_bb_240_pagamentos_segmento_a_16_17","CODIGO DA INSTRUCAO","CODIGO DA INSTRUCAO PARA MOVIMENTO","16","17","0","num","00","l10n_br_cnab_structure_payment_bb.cnab_bb_240_pagamentos_segmento_a","","","","","instruction_code",""
"l10n_br_cnab_structure_payment_bb.cnab_bb_240_pagamentos_segmento_a_18_20","CAMARA","CODIGO DA CAMARA COMPENSADORA","18","20","0","num","","l10n_br_cnab_structure_payment_bb.cnab_bb_240_pagamentos_segmento_a","","","cnab_payment_way_id.clearinghouse_code","","centralizing_chamber_code",""
"l10n_br_cnab_structure_payment_bb.cnab_bb_240_pagamentos_segmento_a_21_23","BANCO FAVORECIDO","CODIGO DO BANCO FAVORECIDO","21","23","0","num","","l10n_br_cnab_structure_payment_bb.cnab_bb_240_pagamentos_segmento_a","","","partner_bank_id.bank_id.code_bc","","partner_bank_code",""
"l10n_br_cnab_structure_payment_bb.cnab_bb_240_pagamentos_segmento_a_24_28","AGENCIA","AGENCIA DO FAVORECIDO","24","28","0","num","","l10n_br_cnab_structure_payment_bb.cnab_bb_240_pagamentos_segmento_a","","","partner_bank_id.bra_number","","partner_bank_branch","l10n_br_cnab_structure_payment_bb.cnab_line_field_group_2_bb"
"l10n_br_cnab_structure_payment_bb.cnab_bb_240_pagamentos_segmento_a_24_28_bb","ZEROS","COMPLEMENTO DE REGISTRO","24","28","0","num","00000","l10n_br_cnab_structure_payment_bb.cnab_bb_240_pagamentos_segmento_a","","","","","","l10n_br_cnab_structure_payment_bb.cnab_line_field_group_1_bb"
"l10n_br_cnab_structure_payment_bb.cnab_bb_240_pagamentos_segmento_a_29_29","DIGITO AGENCIA","DIGITO DA AGENCIA","29","29","0","alpha","","l10n_br_cnab_structure_payment_bb.cnab_bb_240_pagamentos_segmento_a","","","partner_bank_id.bra_number_dig","","","l10n_br_cnab_structure_payment_bb.cnab_line_field_group_2_bb"
"l10n_br_cnab_structure_payment_bb.cnab_bb_240_pagamentos_segmento_a_29_29_bb","BRANCOS","COMPLEMENTO DE REGISTRO","29","29","0","alpha","","l10n_br_cnab_structure_payment_bb.cnab_bb_240_pagamentos_segmento_a","","","","","","l10n_br_cnab_structure_payment_bb.cnab_line_field_group_1_bb"
"l10n_br_cnab_structure_payment_bb.cnab_bb_240_pagamentos_segmento_a_30_41","CONTA","CONTA DO FAVORECIDO","30","41","0","num","","l10n_br_cnab_structure_payment_bb.cnab_bb_240_pagamentos_segmento_a","","","partner_bank_id.acc_number","","partner_bank_account","l10n_br_cnab_structure_payment_bb.cnab_line_field_group_2_bb"
"l10n_br_cnab_structure_payment_bb.cnab_bb_240_pagamentos_segmento_a_30_41_bb","CONTA","CONTA DO FAVORECIDO","30","41","0","num","","l10n_br_cnab_structure_payment_bb.cnab_bb_240_pagamentos_segmento_a","","","partner_bank_id.acc_number","","partner_bank_account","l10n_br_cnab_structure_payment_bb.cnab_line_field_group_1_bb"
"l10n_br_cnab_structure_payment_bb.cnab_bb_240_pagamentos_segmento_a_42_42","DIGITO CONTA","DIGITO DA CONTA","42","42","0","alpha","","l10n_br_cnab_structure_payment_bb.cnab_bb_240_pagamentos_segmento_a","","","partner_bank_id.acc_number_dig","","partner_bank_account_dac","l10n_br_cnab_structure_payment_bb.cnab_line_field_group_2_bb"
"l10n_br_cnab_structure_payment_bb.cnab_bb_240_pagamentos_segmento_a_42_42_bb","BRANCOS","COMPLEMENTO DE REGISTRO","42","42","0","alpha","","l10n_br_cnab_structure_payment_bb.cnab_bb_240_pagamentos_segmento_a","","","","","","l10n_br_cnab_structure_payment_bb.cnab_line_field_group_1_bb"
"l10n_br_cnab_structure_payment_bb.cnab_bb_240_pagamentos_segmento_a_43_43","DIGITO AG/CONTA","DIGITO AGENCIA/CONTA","43","43","0","alpha","","l10n_br_cnab_structure_payment_bb.cnab_bb_240_pagamentos_segmento_a","","","","","","l10n_br_cnab_structure_payment_bb.cnab_line_field_group_2_bb"
"l10n_br_cnab_structure_payment_bb.cnab_bb_240_pagamentos_segmento_a_43_43_bb","DIGITO AG/CONTA","DIGITO AGENCIA/CONTA","43","43","0","alpha","","l10n_br_cnab_structure_payment_bb.cnab_bb_240_pagamentos_segmento_a","","","","","","l10n_br_cnab_structure_payment_bb.cnab_line_field_group_1_bb"
"l10n_br_cnab_structure_payment_bb.cnab_bb_240_pagamentos_segmento_a_44_73","NOME DO FAVORECIDO","NOME DO FAVORECIDO","44","73","0","alpha","","l10n_br_cnab_structure_payment_bb.cnab_bb_240_pagamentos_segmento_a","","","cnab_beneficiary_name","","partner_name",""
"l10n_br_cnab_structure_payment_bb.cnab_bb_240_pagamentos_segmento_a_74_93","SEU NUMERO","NUMERO DO DOCUMENTO","74","93","0","alpha","","l10n_br_cnab_structure_payment_bb.cnab_bb_240_pagamentos_segmento_a","","","name","","your_number",""
"l10n_br_cnab_structure_payment_bb.cnab_bb_240_pagamentos_segmento_a_94_101","DATA DE PAGAMENTO","DATA PARA EFETIVACAO DO PAGAMENTO","94","101","0","num","","l10n_br_cnab_structure_payment_bb.cnab_bb_240_pagamentos_segmento_a","DDMMAAAA","content.strftime(""%d%m%Y"") if content else time.strftime(""%d%m%Y"")","date","datetime.strptime(content,""%d%m%Y"") if content != ""00000000"" else False","expected_payment_date",""
"l10n_br_cnab_structure_payment_bb.cnab_bb_240_pagamentos_segmento_a_102_104","MOEDA","TIPO DA MOEDA","102","104","0","alpha","BRL","l10n_br_cnab_structure_payment_bb.cnab_bb_240_pagamentos_segmento_a","","","","","currency_type",""
"l10n_br_cnab_structure_payment_bb.cnab_bb_240_pagamentos_segmento_a_105_119","QUANTIDADE MOEDA","QUANTIDADE DE MOEDA","105","119","0","num","000000000000000","l10n_br_cnab_structure_payment_bb.cnab_bb_240_pagamentos_segmento_a","","","","","",""
"l10n_br_cnab_structure_payment_bb.cnab_bb_240_pagamentos_segmento_a_120_134","VALOR DO PAGAMENTO","VALOR DO PAGAMENTO","120","134","2","num","","l10n_br_cnab_structure_payment_bb.cnab_bb_240_pagamentos_segmento_a","","","amount_currency","","",""
"l10n_br_cnab_structure_payment_bb.cnab_bb_240_pagamentos_segmento_a_135_154","BRANCOS","USO EXCLUSIVO FEBRABAN/CNAB","135","154","0","alpha","","l10n_br_cnab_structure_payment_bb.cnab_bb_240_pagamentos_segmento_a","","","","","",""
"l10n_br_cnab_structure_payment_bb.cnab_bb_240_pagamentos_segmento_a_155_162","DATA EFETIVA","DATA REAL DA EFETIVACAO","155","162","0","num","","l10n_br_cnab_structure_payment_bb.cnab_bb_240_pagamentos_segmento_a","","","","datetime.strptime(content,""%d%m%Y"") if content != ""00000000"" else False","real_payment_date",""
"l10n_br_cnab_structure_payment_bb.cnab_bb_240_pagamentos_segmento_a_163_177","VALOR EFETIVO","VALOR REAL DO PAGAMENTO","163","177","2","num","","l10n_br_cnab_structure_payment_bb.cnab_bb_240_pagamentos_segmento_a","","","","","payment_value",""
"l10n_br_cnab_structure_payment_bb.cnab_bb_240_pagamentos_segmento_a_178_217","FINALIDADE","INFORMACOES COMPLEMENTARES","178","217","0","alpha","","l10n_br_cnab_structure_payment_bb.cnab_bb_240_pagamentos_segmento_a","","","communication","","additional_info",""
"l10n_br_cnab_structure_payment_bb.cnab_bb_240_pagamentos_segmento_a_218_219","FINALIDADE DOC E STATUS FUNCIONÁRIO","FINALIDADE DO DOC E STATUS DO FUNCIONÁRIO NA EMPRESA","218","219","0","alpha","","l10n_br_cnab_structure_payment_bb.cnab_bb_240_pagamentos_segmento_a","","","","","company_title_identification",""
"l10n_br_cnab_structure_payment_bb.cnab_bb_240_pagamentos_segmento_a_220_224","FINALIDADE TED","FINALIDADE DA TED","220","224","0","alpha","","l10n_br_cnab_structure_payment_bb.cnab_bb_240_pagamentos_segmento_a","","","ted_finality_code","","ted_purpose",""
"l10n_br_cnab_structure_payment_bb.cnab_bb_240_pagamentos_segmento_a_225_229","BRANCOS","COMPLEMENTO DE REGISTRO","225","229","0","alpha","","l10n_br_cnab_structure_payment_bb.cnab_bb_240_pagamentos_segmento_a","","","","","",""
"l10n_br_cnab_structure_payment_bb.cnab_bb_240_pagamentos_segmento_a_230_230","AVISO","AVISO AO FAVORECIDO","230","230","0","num","0","l10n_br_cnab_structure_payment_bb.cnab_bb_240_pagamentos_segmento_a","","","","","partner_notification",""
"l10n_br_cnab_structure_payment_bb.cnab_bb_240_pagamentos_segmento_a_231_240","BRANCOS","USO EXCLUSIVO FEBRABAN/CNAB","231","240","0","alpha","","l10n_br_cnab_structure_payment_bb.cnab_bb_240_pagamentos_segmento_a","","","","","",""
"l10n_br_cnab_structure_payment_bb.cnab_bb_240_pagamentos_segmento_b_1_3","BANCO","CÓDIGO NO BANCO DA COMPENSAÇÃO","1","3","0","num","001","l10n_br_cnab_structure_payment_bb.cnab_bb_240_pagamentos_segmento_b","","","partner_bank_id.bank_id.code_bc","","bank_code",""
"l10n_br_cnab_structure_payment_bb.cnab_bb_240_pagamentos_segmento_b_4_7","LOTE","LOTE DE SERVIÇO","4","7","0","num","","l10n_br_cnab_structure_payment_bb.cnab_bb_240_pagamentos_segmento_b","","seq_batch","","","batch_number",""
"l10n_br_cnab_structure_payment_bb.cnab_bb_240_pagamentos_segmento_b_8_8","REGISTRO","TIPO DE REGISTRO","8","8","0","num","3","l10n_br_cnab_structure_payment_bb.cnab_bb_240_pagamentos_segmento_b","","","","","",""
"l10n_br_cnab_structure_payment_bb.cnab_bb_240_pagamentos_segmento_b_9_13","Nº DO REGISTRO","NÚMERO SEQUENCIAL DO REGISTRO","9","13","0","num","","l10n_br_cnab_structure_payment_bb.cnab_bb_240_pagamentos_segmento_b","","seq_record_detail","","","record_number",""
"l10n_br_cnab_structure_payment_bb.cnab_bb_240_pagamentos_segmento_b_14_14","SEGMENTO","CÓDIGO DE SEGMENTO","14","14","0","alpha","B","l10n_br_cnab_structure_payment_bb.cnab_bb_240_pagamentos_segmento_b","","","","","",""
"l10n_br_cnab_structure_payment_bb.cnab_bb_240_pagamentos_segmento_b_15_17","CNAB","USO EXCLUSIVO FEBRABAN/CNAB","15","17","0","alpha","","l10n_br_cnab_structure_payment_bb.cnab_bb_240_pagamentos_segmento_b","","","","","",""
"l10n_br_cnab_structure_payment_bb.cnab_bb_240_pagamentos_segmento_b_18_18","TIPO INSCRIÇÃO","TIPO DE INSCRIÇÃO DO FAVORECIDO","18","18","0","num","","l10n_br_cnab_structure_payment_bb.cnab_bb_240_pagamentos_segmento_b","1 = CPF 2 = CNPJ","""2"" if content else ""1""","partner_id.is_company","","",""
"l10n_br_cnab_structure_payment_bb.cnab_bb_240_pagamentos_segmento_b_19_32","NÚMERO INSCRIÇÃO","NÚMERO DE INSCRIÇÃO DO FAVORECIDO","19","32","0","num","","l10n_br_cnab_structure_payment_bb.cnab_bb_240_pagamentos_segmento_b","","","partner_id.cnpj_cpf","","cnpj_cpf",""
"l10n_br_cnab_structure_payment_bb.cnab_bb_240_pagamentos_segmento_b_33_62","LOGRADOURO","NOME DA RUA, AV, PÇA, ETC","33","62","0","alpha","","l10n_br_cnab_structure_payment_bb.cnab_bb_240_pagamentos_segmento_b","","","partner_id.street_name","","",""
"l10n_br_cnab_structure_payment_bb.cnab_bb_240_pagamentos_segmento_b_63_67","NÚMERO","NÚMERO DO LOCAL","63","67","0","num","","l10n_br_cnab_structure_payment_bb.cnab_bb_240_pagamentos_segmento_b","","","partner_id.street_number","","",""
"l10n_br_cnab_structure_payment_bb.cnab_bb_240_pagamentos_segmento_b_68_82","COMPLEMENTO","CASA, APTO, ETC","68","82","0","alpha","","l10n_br_cnab_structure_payment_bb.cnab_bb_240_pagamentos_segmento_b","","","partner_id.street2","","",""
"l10n_br_cnab_structure_payment_bb.cnab_bb_240_pagamentos_segmento_b_83_97","BAIRRO","NOME DO BAIRRO","83","97","0","alpha","","l10n_br_cnab_structure_payment_bb.cnab_bb_240_pagamentos_segmento_b","","","partner_id.district","","",""
"l10n_br_cnab_structure_payment_bb.cnab_bb_240_pagamentos_segmento_b_98_117","CIDADE","NOME DA CIDADE","98","117","0","alpha","","l10n_br_cnab_structure_payment_bb.cnab_bb_240_pagamentos_segmento_b","","","partner_id.city_id.name","","",""
"l10n_br_cnab_structure_payment_bb.cnab_bb_240_pagamentos_segmento_b_118_122","CEP","CEP","118","122","0","num","","l10n_br_cnab_structure_payment_bb.cnab_bb_240_pagamentos_segmento_b","","","partner_id.zip","","zip",""
"l10n_br_cnab_structure_payment_bb.cnab_bb_240_pagamentos_segmento_b_123_125","COMPL. CEP","COMPLEMENTO DO CEP","123","125","0","alpha","","l10n_br_cnab_structure_payment_bb.cnab_bb_240_pagamentos_segmento_b","","","","","",""
"l10n_br_cnab_structure_payment_bb.cnab_bb_240_pagamentos_segmento_b_126_127","ESTADO","SIGLA DO ESTADO","126","127","0","alpha","","l10n_br_cnab_structure_payment_bb.cnab_bb_240_pagamentos_segmento_b","","","partner_id.state_id.code","","state",""
"l10n_br_cnab_structure_payment_bb.cnab_bb_240_pagamentos_segmento_b_128_135","VENCIMENTO","DATA DE VENCIMENTO (NOMINAL)","128","135","0","num","","l10n_br_cnab_structure_payment_bb.cnab_bb_240_pagamentos_segmento_b","DDMMAAAA","time.strftime(""%d%m%Y"")","ml_maturity_date","","",""
"l10n_br_cnab_structure_payment_bb.cnab_bb_240_pagamentos_segmento_b_136_150","VALOR DOCUMENTO","VALOR DO DOCUMENTO (NOMINAL)","136","150","0","num","","l10n_br_cnab_structure_payment_bb.cnab_bb_240_pagamentos_segmento_b","","","amount_currency","","",""
"l10n_br_cnab_structure_payment_bb.cnab_bb_240_pagamentos_segmento_b_151_165","ABATIMENTO","VALOR DO ABATIMENTO","151","165","0","num","","l10n_br_cnab_structure_payment_bb.cnab_bb_240_pagamentos_segmento_b","","","","","",""
"l10n_br_cnab_structure_payment_bb.cnab_bb_240_pagamentos_segmento_b_166_180","DESCONTO","VALOR DO DESCONTO","166","180","0","num","","l10n_br_cnab_structure_payment_bb.cnab_bb_240_pagamentos_segmento_b","","","","","",""
"l10n_br_cnab_structure_payment_bb.cnab_bb_240_pagamentos_segmento_b_181_195","MORA","VALOR DA MORA","181","195","0","num","","l10n_br_cnab_structure_payment_bb.cnab_bb_240_pagamentos_segmento_b","","","","","",""
"l10n_br_cnab_structure_payment_bb.cnab_bb_240_pagamentos_segmento_b_196_210","MULTA","VALOR DA MULTA","196","210","0","num","","l10n_br_cnab_structure_payment_bb.cnab_bb_240_pagamentos_segmento_b","","","","","",""
"l10n_br_cnab_structure_payment_bb.cnab_bb_240_pagamentos_segmento_b_211_225","CÓD./DOC. FAVORECIDO","CÓDIGO/DOCUMENTO DO FAVORECIDO","211","225","0","alpha","","l10n_br_cnab_structure_payment_bb.cnab_bb_240_pagamentos_segmento_b","","","","","",""
"l10n_br_cnab_structure_payment_bb.cnab_bb_240_pagamentos_segmento_b_226_226","AVISO","AVISO AO FAVORECIDO","226","226","0","num","0","l10n_br_cnab_structure_payment_bb.cnab_bb_240_pagamentos_segmento_b","","","","","",""
"l10n_br_cnab_structure_payment_bb.cnab_bb_240_pagamentos_segmento_b_227_232","CÓDIGO UG CENTRALIZADORA","USO EXCLUSIVO PARA O SIAPE","227","232","0","num","","l10n_br_cnab_structure_payment_bb.cnab_bb_240_pagamentos_segmento_b","","","","","",""
"l10n_br_cnab_structure_payment_bb.cnab_bb_240_pagamentos_segmento_b_233_240","IDENTIFICAÇÃO DO BANCO NO SPB","CÓDIGO ISPB","233","240","0","num","","l10n_br_cnab_structure_payment_bb.cnab_bb_240_pagamentos_segmento_b","","","","","",""
"l10n_br_cnab_structure_payment_bb.cnab_bb_240_pagamentos_trailer_1_3","CODIGO DO BANCO","CODIGO DO BANCO NA COMPENSACAO","1","3","0","num","001","l10n_br_cnab_structure_payment_bb.cnab_bb_240_pagamentos_trailer","","","","","",""
"l10n_br_cnab_structure_payment_bb.cnab_bb_240_pagamentos_trailer_4_7","LOTE DE SERVICO","NUMERO DO LOTE","4","7","0","num","","l10n_br_cnab_structure_payment_bb.cnab_bb_240_pagamentos_trailer","","seq_batch","","","batch_code",""
"l10n_br_cnab_structure_payment_bb.cnab_bb_240_pagamentos_trailer_8_8","TIPO DE REGISTRO","TIPO DE REGISTRO","8","8","0","num","5","l10n_br_cnab_structure_payment_bb.cnab_bb_240_pagamentos_trailer","","","","","",""
"l10n_br_cnab_structure_payment_bb.cnab_bb_240_pagamentos_trailer_9_17","BRANCOS","USO EXCLUSIVO FEBRABAN","9","17","0","alpha","","l10n_br_cnab_structure_payment_bb.cnab_bb_240_pagamentos_trailer","","","","","",""
"l10n_br_cnab_structure_payment_bb.cnab_bb_240_pagamentos_trailer_18_23","QTD REGISTROS","QUANTIDADE DE REGISTROS DO LOTE","18","23","0","num","000001","l10n_br_cnab_structure_payment_bb.cnab_bb_240_pagamentos_trailer","","","","","",""
"l10n_br_cnab_structure_payment_bb.cnab_bb_240_pagamentos_trailer_24_240","BRANCOS","USO EXCLUSIVO FEBRABAN","24","240","0","alpha","","l10n_br_cnab_structure_payment_bb.cnab_bb_240_pagamentos_trailer","","","","","",""
"l10n_br_cnab_structure_payment_bb.cnab_bb_240_boleto_header_1_3","CODIGO DO BANCO","CODIGO DO BANCO NA COMPENSACAO","1","3","0","num","001","l10n_br_cnab_structure_payment_bb.cnab_bb_240_boleto_header","","","","","",""
"l10n_br_cnab_structure_payment_bb.cnab_bb_240_boleto_header_4_7","CODIGO DO LOTE","LOTE DE IDENTIFICACAO DE PAGAMENTOS","4","7","0","num","","l10n_br_cnab_structure_payment_bb.cnab_bb_240_boleto_header","","seq_batch","","","batch_code",""
"l10n_br_cnab_structure_payment_bb.cnab_bb_240_boleto_header_8_8","TIPO DE REGISTRO","REGISTRO HEADER DE LOTE","8","8","0","num","1","l10n_br_cnab_structure_payment_bb.cnab_bb_240_boleto_header","","","","","",""
"l10n_br_cnab_structure_payment_bb.cnab_bb_240_boleto_header_9_9","TIPO DE OPERACAO","TIPO DA OPERACAO","9","9","0","alpha","C","l10n_br_cnab_structure_payment_bb.cnab_bb_240_boleto_header","","","","","",""
"l10n_br_cnab_structure_payment_bb.cnab_bb_240_boleto_header_10_11","TIPO DE PAGAMENTO","TIPO DE PAGTO","10","11","0","num","01","l10n_br_cnab_structure_payment_bb.cnab_bb_240_boleto_header","01 = Pagamento de titulos em geral","","","","",""
"l10n_br_cnab_structure_payment_bb.cnab_bb_240_boleto_header_12_13","FORMA DE PAGAMENTO","FORMA DE PAGAMENTO","12","13","0","num","01","l10n_br_cnab_structure_payment_bb.cnab_bb_240_boleto_header","01 = Pagamento padrao","","","","",""
"l10n_br_cnab_structure_payment_bb.cnab_bb_240_boleto_header_14_16","LAYOUT DO LOTE","VERSAO DO LAYOUT","14","16","0","num","030","l10n_br_cnab_structure_payment_bb.cnab_bb_240_boleto_header","030 = Versao atual","","","","",""
"l10n_br_cnab_structure_payment_bb.cnab_bb_240_boleto_header_17_17","BRANCOS","COMPLEMENTO DE REGISTRO","17","17","0","alpha","","l10n_br_cnab_structure_payment_bb.cnab_bb_240_boleto_header","","","","","",""
"l10n_br_cnab_structure_payment_bb.cnab_bb_240_boleto_header_18_18","EMPRESA - INSCRICAO","TIPO INSCRICAO EMPRESA","18","18","0","num","2","l10n_br_cnab_structure_payment_bb.cnab_bb_240_boleto_header","1=CPF, 2=CNPJ","2","company_id.is_company","","",""
"l10n_br_cnab_structure_payment_bb.cnab_bb_240_boleto_header_19_32","INSCRICAO NUMERO","CNPJ/CPF DA EMPRESA","19","32","0","num","","l10n_br_cnab_structure_payment_bb.cnab_bb_240_boleto_header","","","company_id.cnpj_cpf","","",""
"l10n_br_cnab_structure_payment_bb.cnab_bb_240_boleto_header_33_52","BRANCOS","COMPLEMENTO DE REGISTRO","33","52","0","alpha","","l10n_br_cnab_structure_payment_bb.cnab_bb_240_boleto_header","","","","","",""
"l10n_br_cnab_structure_payment_bb.cnab_bb_240_boleto_header_53_57","AGENCIA","AGENCIA DEBITADA","53","57","0","num","","l10n_br_cnab_structure_payment_bb.cnab_bb_240_boleto_header","","","company_partner_bank_id.bra_number","","",""
"l10n_br_cnab_structure_payment_bb.cnab_bb_240_boleto_header_58_58","BRANCOS","COMPLEMENTO DE REGISTRO","58","58","0","alpha","","l10n_br_cnab_structure_payment_bb.cnab_bb_240_boleto_header","","","","","",""
"l10n_br_cnab_structure_payment_bb.cnab_bb_240_boleto_header_59_70","CONTA","CONTA CORRENTE DEBITADA","59","70","0","num","","l10n_br_cnab_structure_payment_bb.cnab_bb_240_boleto_header","","","company_partner_bank_id.acc_number","","",""
"l10n_br_cnab_structure_payment_bb.cnab_bb_240_boleto_header_71_71","BRANCOS","COMPLEMENTO DE REGISTRO","71","71","0","alpha","","l10n_br_cnab_structure_payment_bb.cnab_bb_240_boleto_header","","","","","",""
"l10n_br_cnab_structure_payment_bb.cnab_bb_240_boleto_header_72_72","DAC","DIGITO DA AGENCIA/CONTA","72","72","0","num","","l10n_br_cnab_structure_payment_bb.cnab_bb_240_boleto_header","","","company_partner_bank_id.bra_number_dig","","",""
"l10n_br_cnab_structure_payment_bb.cnab_bb_240_boleto_header_73_102","NOME DA EMPRESA","RAZAO SOCIAL DA EMPRESA","73","102","0","alpha","","l10n_br_cnab_structure_payment_bb.cnab_bb_240_boleto_header","","","company_id.legal_name","","",""
"l10n_br_cnab_structure_payment_bb.cnab_bb_240_boleto_header_103_132","FINALIDADE DO LOTE","FINALIDADE DOS PAGAMENTOS","103","132","0","alpha","","l10n_br_cnab_structure_payment_bb.cnab_bb_240_boleto_header","","","","","",""
"l10n_br_cnab_structure_payment_bb.cnab_bb_240_boleto_header_133_142","HISTORICO DE C/C","COMPLEMENTO HISTORICO","133","142","0","alpha","","l10n_br_cnab_structure_payment_bb.cnab_bb_240_boleto_header","","","","","",""
"l10n_br_cnab_structure_payment_bb.cnab_bb_240_boleto_header_143_172","ENDERECO","LOGRADOURO DA EMPRESA","143","172","0","alpha","","l10n_br_cnab_structure_payment_bb.cnab_bb_240_boleto_header","","","company_id.street","","",""
"l10n_br_cnab_structure_payment_bb.cnab_bb_240_boleto_header_173_177","NUMERO","NUMERO DO ENDERECO","173","177","0","num","","l10n_br_cnab_structure_payment_bb.cnab_bb_240_boleto_header","","","company_id.street_number","","",""
"l10n_br_cnab_structure_payment_bb.cnab_bb_240_boleto_header_178_192","COMPLEMENTO","COMPLEMENTO DO ENDERECO","178","192","0","alpha","","l10n_br_cnab_structure_payment_bb.cnab_bb_240_boleto_header","","","company_id.street2","","",""
"l10n_br_cnab_structure_payment_bb.cnab_bb_240_boleto_header_193_212","CIDADE","CIDADE DA EMPRESA","193","212","0","alpha","","l10n_br_cnab_structure_payment_bb.cnab_bb_240_boleto_header","","","company_id.city_id.name","","",""
"l10n_br_cnab_structure_payment_bb.cnab_bb_240_boleto_header_213_220","CEP","CEP DA EMPRESA","213","220","0","num","","l10n_br_cnab_structure_payment_bb.cnab_bb_240_boleto_header","","","company_id.zip","","",""
"l10n_br_cnab_structure_payment_bb.cnab_bb_240_boleto_header_221_222","ESTADO","UF DA EMPRESA","221","222","0","alpha","","l10n_br_cnab_structure_payment_bb.cnab_bb_240_boleto_header","","","company_id.state_id.code","","",""
"l10n_br_cnab_structure_payment_bb.cnab_bb_240_boleto_header_223_230","BRANCOS","COMPLEMENTO DE REGISTRO","223","230","0","alpha","","l10n_br_cnab_structure_payment_bb.cnab_bb_240_boleto_header","","","","","",""
"l10n_br_cnab_structure_payment_bb.cnab_bb_240_boleto_header_231_240","OCORRENCIAS","CODIGO DE OCORRENCIAS","231","240","0","alpha","","l10n_br_cnab_structure_payment_bb.cnab_bb_240_boleto_header","","","","","",""
"l10n_br_cnab_structure_payment_bb.cnab_bb_240_boleto_segmento_j_1_3","CODIGO DO BANCO","CODIGO BANCO NA COMPENSACAO","1","3","0","num","001","l10n_br_cnab_structure_payment_bb.cnab_bb_240_boleto_segmento_j","","","","","",""
"l10n_br_cnab_structure_payment_bb.cnab_bb_240_boleto_segmento_j_4_7","CODIGO DO LOTE","LOTE DE SERVICO","4","7","0","num","","l10n_br_cnab_structure_payment_bb.cnab_bb_240_boleto_segmento_j","","seq_batch","","","",""
"l10n_br_cnab_structure_payment_bb.cnab_bb_240_boleto_segmento_j_8_8","TIPO DE REGISTRO","REGISTRO DETALHE","8","8","0","num","3","l10n_br_cnab_structure_payment_bb.cnab_bb_240_boleto_segmento_j","","","","","",""
"l10n_br_cnab_structure_payment_bb.cnab_bb_240_boleto_segmento_j_9_13","NUMERO DO REGISTRO","SEQ NO LOTE","9","13","0","num","","l10n_br_cnab_structure_payment_bb.cnab_bb_240_boleto_segmento_j","","seq_record_detail","","","",""
"l10n_br_cnab_structure_payment_bb.cnab_bb_240_boleto_segmento_j_14_14","SEGMENTO","CODIGO SEGMENTO","14","14","0","alpha","J","l10n_br_cnab_structure_payment_bb.cnab_bb_240_boleto_segmento_j","","","","","",""
"l10n_br_cnab_structure_payment_bb.cnab_bb_240_boleto_segmento_j_15_17","TIPO DE MOVIMENTO","TIPO DE MOVIMENTO","15","17","0","num","000","l10n_br_cnab_structure_payment_bb.cnab_bb_240_boleto_segmento_j","000 = Inclusao","","","","",""
"l10n_br_cnab_structure_payment_bb.cnab_bb_240_boleto_segmento_j_18_20","BANCO FAVORECIDO","CODIGO DO BANCO","18","20","0","num","","l10n_br_cnab_structure_payment_bb.cnab_bb_240_boleto_segmento_j","","","partner_bank_id.bank_id.code_bc","","",""
"l10n_br_cnab_structure_payment_bb.cnab_bb_240_boleto_segmento_j_21_21","MOEDA","CODIGO DA MOEDA","21","21","0","num","9","l10n_br_cnab_structure_payment_bb.cnab_bb_240_boleto_segmento_j","9 = Real","","","","",""
"l10n_br_cnab_structure_payment_bb.cnab_bb_240_boleto_segmento_j_22_22","DV","DIGITO VERIFICADOR","22","22","0","num","","l10n_br_cnab_structure_payment_bb.cnab_bb_240_boleto_segmento_j","","","barcode[4:5]","","",""
"l10n_br_cnab_structure_payment_bb.cnab_bb_240_boleto_segmento_j_23_26","FATOR VENCIMENTO","FATOR DE VENCIMENTO","23","26","0","num","","l10n_br_cnab_structure_payment_bb.cnab_bb_240_boleto_segmento_j","","","barcode[5:9]","","",""
"l10n_br_cnab_structure_payment_bb.cnab_bb_240_boleto_segmento_j_27_36","VALOR","VALOR DO TITULO","27","36","0","num","","l10n_br_cnab_structure_payment_bb.cnab_bb_240_boleto_segmento_j","","","barcode[9:20]","","",""
"l10n_br_cnab_structure_payment_bb.cnab_bb_240_boleto_segmento_j_37_61","CAMPO LIVRE","CAMPO LIVRE DO BOLETO","37","61","0","num","","l10n_br_cnab_structure_payment_bb.cnab_bb_240_boleto_segmento_j","","","barcode[19:45]","","",""
"l10n_br_cnab_structure_payment_bb.cnab_bb_240_boleto_segmento_j_62_91","NOME FAVORECIDO","NOME DO FAVORECIDO","62","91","0","alpha","","l10n_br_cnab_structure_payment_bb.cnab_bb_240_boleto_segmento_j","","","partner_id.legal_name","","",""
"l10n_br_cnab_structure_payment_bb.cnab_bb_240_boleto_segmento_j_92_99","DATA VENCIMENTO","DATA DE VENCIMENTO","92","99","0","num","","l10n_br_cnab_structure_payment_bb.cnab_bb_240_boleto_segmento_j","DDMMAAAA","date.strftime(ml_maturity_date, '%d%m%Y')","","","",""
"l10n_br_cnab_structure_payment_bb.cnab_bb_240_boleto_segmento_j_100_114","VALOR TITULO","VALOR NOMINAL","100","114","2","num","","l10n_br_cnab_structure_payment_bb.cnab_bb_240_boleto_segmento_j","","","amount_currency","","",""
"l10n_br_cnab_structure_payment_bb.cnab_bb_240_boleto_segmento_j_115_129","DESCONTO/ABATIMENTO","VALOR DE DESCONTO","115","129","2","num","0","l10n_br_cnab_structure_payment_bb.cnab_bb_240_boleto_segmento_j","","","discount_value","","",""
"l10n_br_cnab_structure_payment_bb.cnab_bb_240_boleto_segmento_j_130_144","MORA/MULTA","VALOR DE MORA/MULTA","130","144","2","num","0","l10n_br_cnab_structure_payment_bb.cnab_bb_240_boleto_segmento_j","","","interest_value","","",""
"l10n_br_cnab_structure_payment_bb.cnab_bb_240_boleto_segmento_j_145_152","DATA PAGAMENTO","DATA DE PAGAMENTO","145","152","0","num","","l10n_br_cnab_structure_payment_bb.cnab_bb_240_boleto_segmento_j","DDMMAAAA","date.strftime(date, '%d%m%Y')","","","",""
"l10n_br_cnab_structure_payment_bb.cnab_bb_240_boleto_segmento_j_153_167","VALOR PAGO","VALOR EFETIVADO","153","167","2","num","0","l10n_br_cnab_structure_payment_bb.cnab_bb_240_boleto_segmento_j","","","amount_paid","","",""
"l10n_br_cnab_structure_payment_bb.cnab_bb_240_boleto_segmento_j_168_182","ZEROS","COMPLEMENTO","168","182","0","alpha","","l10n_br_cnab_structure_payment_bb.cnab_bb_240_boleto_segmento_j","","","","","",""
"l10n_br_cnab_structure_payment_bb.cnab_bb_240_boleto_segmento_j_183_202","SEU NUMERO","Nº DOCUMENTO (EMPRESA)","183","202","0","alpha","","l10n_br_cnab_structure_payment_bb.cnab_bb_240_boleto_segmento_j","","","move_line.ref","","",""
"l10n_br_cnab_structure_payment_bb.cnab_bb_240_boleto_segmento_j_203_215","BRANCOS","COMPLEMENTO","203","215","0","alpha","","l10n_br_cnab_structure_payment_bb.cnab_bb_240_boleto_segmento_j","","","","","",""
"l10n_br_cnab_structure_payment_bb.cnab_bb_240_boleto_segmento_j_216_230","NOSSO NUMERO","NOSSO NUMERO (BANCO)","216","230","0","alpha","","l10n_br_cnab_structure_payment_bb.cnab_bb_240_boleto_segmento_j","","","","","",""
"l10n_br_cnab_structure_payment_bb.cnab_bb_240_boleto_segmento_j_231_240","OCORRENCIAS","CODIGOS DE OCORRENCIA","231","240","0","alpha","","l10n_br_cnab_structure_payment_bb.cnab_bb_240_boleto_segmento_j","","","","","",""
"l10n_br_cnab_structure_payment_bb.cnab_bb_240_boleto_segmento_j52_1_3","CODIGO DO BANCO","CODIGO BANCO","1","3","0","num","001","l10n_br_cnab_structure_payment_bb.cnab_bb_240_boleto_segmento_j52","","","","","",""
"l10n_br_cnab_structure_payment_bb.cnab_bb_240_boleto_segmento_j52_4_7","CODIGO DO LOTE","LOTE DE SERVICO","4","7","0","num","","l10n_br_cnab_structure_payment_bb.cnab_bb_240_boleto_segmento_j52","","seq_batch","","","",""
"l10n_br_cnab_structure_payment_bb.cnab_bb_240_boleto_segmento_j52_8_8","TIPO DE REGISTRO","REGISTRO DETALHE","8","8","0","num","3","l10n_br_cnab_structure_payment_bb.cnab_bb_240_boleto_segmento_j52","","","","","",""
"l10n_br_cnab_structure_payment_bb.cnab_bb_240_boleto_segmento_j52_9_13","NUMERO DO REGISTRO","SEQ NO LOTE","9","13","0","num","","l10n_br_cnab_structure_payment_bb.cnab_bb_240_boleto_segmento_j52","","seq_record_detail","","","",""
"l10n_br_cnab_structure_payment_bb.cnab_bb_240_boleto_segmento_j52_14_14","SEGMENTO","CODIGO SEGMENTO","14","14","0","alpha","J","l10n_br_cnab_structure_payment_bb.cnab_bb_240_boleto_segmento_j52","","","","","",""
"l10n_br_cnab_structure_payment_bb.cnab_bb_240_boleto_segmento_j52_15_17","TIPO DE MOVIMENTO","TIPO DE MOVIMENTO","15","17","0","num","000","l10n_br_cnab_structure_payment_bb.cnab_bb_240_boleto_segmento_j52","","","","","",""
"l10n_br_cnab_structure_payment_bb.cnab_bb_240_boleto_segmento_j52_18_19","CODIGO REGISTRO","IDENTIFICACAO OPCIONAL","18","19","0","num","52","l10n_br_cnab_structure_payment_bb.cnab_bb_240_boleto_segmento_j52","","","","","",""
"l10n_br_cnab_structure_payment_bb.cnab_bb_240_boleto_segmento_j52_20_20","TIPO INSCRICAO SACADO","TIPO DE INSCRICAO","20","20","0","num","2","l10n_br_cnab_structure_payment_bb.cnab_bb_240_boleto_segmento_j52","1=CPF, 2=CNPJ","2 if partner_id.is_company else 1","partner_id.is_company","","",""
"l10n_br_cnab_structure_payment_bb.cnab_bb_240_boleto_segmento_j52_21_35","INSCRICAO SACADO","CNPJ/CPF DO SACADO","21","35","0","num","","l10n_br_cnab_structure_payment_bb.cnab_bb_240_boleto_segmento_j52","","","partner_id.cnpj_cpf","","",""
"l10n_br_cnab_structure_payment_bb.cnab_bb_240_boleto_segmento_j52_36_75","NOME SACADO","NOME DO SACADO","36","75","0","alpha","","l10n_br_cnab_structure_payment_bb.cnab_bb_240_boleto_segmento_j52","","","partner_id.name","","",""
"l10n_br_cnab_structure_payment_bb.cnab_bb_240_boleto_segmento_j52_76_76","TIPO INSCRICAO CEDENTE","TIPO DO CEDENTE","76","76","0","num","2","l10n_br_cnab_structure_payment_bb.cnab_bb_240_boleto_segmento_j52","1=CPF, 2=CNPJ","2","company_id.is_company","","",""
"l10n_br_cnab_structure_payment_bb.cnab_bb_240_boleto_segmento_j52_77_91","INSCRICAO CEDENTE","CNPJ DO CEDENTE","77","91","0","num","","l10n_br_cnab_structure_payment_bb.cnab_bb_240_boleto_segmento_j52","","","company_id.cnpj_cpf","","",""
"l10n_br_cnab_structure_payment_bb.cnab_bb_240_boleto_segmento_j52_92_131","NOME CEDENTE","NOME DO CEDENTE","92","131","0","alpha","","l10n_br_cnab_structure_payment_bb.cnab_bb_240_boleto_segmento_j52","","","company_id.legal_name","","",""
"l10n_br_cnab_structure_payment_bb.cnab_bb_240_boleto_segmento_j52_132_132","TIPO INSCRICAO AVALISTA","TIPO DO AVALISTA","132","132","0","num","","l10n_br_cnab_structure_payment_bb.cnab_bb_240_boleto_segmento_j52","1=CPF, 2=CNPJ","","","","",""
"l10n_br_cnab_structure_payment_bb.cnab_bb_240_boleto_segmento_j52_133_147","INSCRICAO AVALISTA","CNPJ/CPF DO AVALISTA","133","147","0","num","","l10n_br_cnab_structure_payment_bb.cnab_bb_240_boleto_segmento_j52","","","","","",""
"l10n_br_cnab_structure_payment_bb.cnab_bb_240_boleto_segmento_j52_148_187","NOME AVALISTA","NOME DO AVALISTA","148","187","0","alpha","","l10n_br_cnab_structure_payment_bb.cnab_bb_240_boleto_segmento_j52","","","","","",""
"l10n_br_cnab_structure_payment_bb.cnab_bb_240_boleto_segmento_j52_188_240","BRANCOS","COMPLEMENTO","188","240","0","alpha","","l10n_br_cnab_structure_payment_bb.cnab_bb_240_boleto_segmento_j52","","","","","",""
"l10n_br_cnab_structure_payment_bb.cnab_bb_240_boleto_segmento_j52pix_1_3","CODIGO DO BANCO","CODIGO BANCO","1","3","0","num","001","l10n_br_cnab_structure_payment_bb.cnab_bb_240_boleto_segmento_j52pix","","","","","",""
"l10n_br_cnab_structure_payment_bb.cnab_bb_240_boleto_segmento_j52pix_4_7","CODIGO DO LOTE","LOTE DE SERVICO","4","7","0","num","","l10n_br_cnab_structure_payment_bb.cnab_bb_240_boleto_segmento_j52pix","","seq_batch","","","",""
"l10n_br_cnab_structure_payment_bb.cnab_bb_240_boleto_segmento_j52pix_8_8","TIPO DE REGISTRO","REGISTRO DETALHE","8","8","0","num","3","l10n_br_cnab_structure_payment_bb.cnab_bb_240_boleto_segmento_j52pix","","","","","",""
"l10n_br_cnab_structure_payment_bb.cnab_bb_240_boleto_segmento_j52pix_9_13","NUMERO DO REGISTRO","SEQ NO LOTE","9","13","0","num","","l10n_br_cnab_structure_payment_bb.cnab_bb_240_boleto_segmento_j52pix","","seq_record_detail","","","",""
"l10n_br_cnab_structure_payment_bb.cnab_bb_240_boleto_segmento_j52pix_14_14","SEGMENTO","CODIGO SEGMENTO","14","14","0","alpha","J","l10n_br_cnab_structure_payment_bb.cnab_bb_240_boleto_segmento_j52pix","","","","","",""
"l10n_br_cnab_structure_payment_bb.cnab_bb_240_boleto_segmento_j52pix_15_17","TIPO DE MOVIMENTO","TIPO DE MOVIMENTO","15","17","0","num","000","l10n_br_cnab_structure_payment_bb.cnab_bb_240_boleto_segmento_j52pix","","","","","",""
"l10n_br_cnab_structure_payment_bb.cnab_bb_240_boleto_segmento_j52pix_18_19","CODIGO REGISTRO","IDENTIFICACAO OPCIONAL","18","19","0","num","52","l10n_br_cnab_structure_payment_bb.cnab_bb_240_boleto_segmento_j52pix","","","","","",""
"l10n_br_cnab_structure_payment_bb.cnab_bb_240_boleto_segmento_j52pix_20_20","TIPO INSCRICAO SACADO","TIPO DE INSCRICAO","20","20","0","num","2","l10n_br_cnab_structure_payment_bb.cnab_bb_240_boleto_segmento_j52pix","1=CPF, 2=CNPJ","2","company_id.is_company","","",""
"l10n_br_cnab_structure_payment_bb.cnab_bb_240_boleto_segmento_j52pix_21_35","INSCRICAO SACADO","CNPJ DO SACADO","21","35","0","num","","l10n_br_cnab_structure_payment_bb.cnab_bb_240_boleto_segmento_j52pix","","","company_id.cnpj_cpf","","",""
"l10n_br_cnab_structure_payment_bb.cnab_bb_240_boleto_segmento_j52pix_36_75","NOME SACADO","NOME DO SACADO","36","75","0","alpha","","l10n_br_cnab_structure_payment_bb.cnab_bb_240_boleto_segmento_j52pix","","","company_id.legal_name","","",""
"l10n_br_cnab_structure_payment_bb.cnab_bb_240_boleto_segmento_j52pix_76_76","TIPO INSCRICAO CEDENTE","TIPO DO CEDENTE","76","76","0","num","2","l10n_br_cnab_structure_payment_bb.cnab_bb_240_boleto_segmento_j52pix","1=CPF, 2=CNPJ","2","partner_id.is_company","","",""
"l10n_br_cnab_structure_payment_bb.cnab_bb_240_boleto_segmento_j52pix_77_91","INSCRICAO CEDENTE","CNPJ DO CEDENTE","77","91","0","num","","l10n_br_cnab_structure_payment_bb.cnab_bb_240_boleto_segmento_j52pix","","","partner_id.cnpj_cpf","","",""
"l10n_br_cnab_structure_payment_bb.cnab_bb_240_boleto_segmento_j52pix_92_131","NOME CEDENTE","NOME DO CEDENTE","92","131","0","alpha","","l10n_br_cnab_structure_payment_bb.cnab_bb_240_boleto_segmento_j52pix","","","partner_id.legal_name","","",""
"l10n_br_cnab_structure_payment_bb.cnab_bb_240_boleto_segmento_j52pix_132_208","CHAVE PIX","CHAVE DE PAGAMENTO","132","208","0","alpha","","l10n_br_cnab_structure_payment_bb.cnab_bb_240_boleto_segmento_j52pix","","","partner_pix_id.key","","",""
"l10n_br_cnab_structure_payment_bb.cnab_bb_240_boleto_segmento_j52pix_209_240","TXID","IDENTIFICADOR DO QR-CODE","209","240","0","alpha","","l10n_br_cnab_structure_payment_bb.cnab_bb_240_boleto_segmento_j52pix","","","","","",""
"l10n_br_cnab_structure_payment_bb.cnab_bb_240_boleto_trailer_1_3","CODIGO DO BANCO","CODIGO BANCO","1","3","0","num","001","l10n_br_cnab_structure_payment_bb.cnab_bb_240_boleto_trailer","","","","","",""
"l10n_br_cnab_structure_payment_bb.cnab_bb_240_boleto_trailer_4_7","CODIGO DO LOTE","LOTE DE SERVICO","4","7","0","num","","l10n_br_cnab_structure_payment_bb.cnab_bb_240_boleto_trailer","","seq_batch","","","",""
"l10n_br_cnab_structure_payment_bb.cnab_bb_240_boleto_trailer_8_8","TIPO DE REGISTRO","REGISTRO TRAILER","8","8","0","num","5","l10n_br_cnab_structure_payment_bb.cnab_bb_240_boleto_trailer","","","","","",""
"l10n_br_cnab_structure_payment_bb.cnab_bb_240_boleto_trailer_9_17","BRANCOS","COMPLEMENTO","9","17","0","alpha","","l10n_br_cnab_structure_payment_bb.cnab_bb_240_boleto_trailer","","","","","",""
"l10n_br_cnab_structure_payment_bb.cnab_bb_240_boleto_trailer_18_23","QTDE REGISTROS","TOTAL DE REGISTROS","18","23","0","num","","l10n_br_cnab_structure_payment_bb.cnab_bb_240_boleto_trailer","","qty_records","","","",""
"l10n_br_cnab_structure_payment_bb.cnab_bb_240_boleto_trailer_24_41","VALOR TOTAL","SOMA DOS VALORES","24","41","0","num","","l10n_br_cnab_structure_payment_bb.cnab_bb_240_boleto_trailer","","sum(int(line.sorted_values().get(""100_114_valor_titulo"", 0)) for line in batch_detail_lines)","","","",""
"l10n_br_cnab_structure_payment_bb.cnab_bb_240_boleto_trailer_42_59","ZEROS","COMPLEMENTO","42","59","0","num","0","l10n_br_cnab_structure_payment_bb.cnab_bb_240_boleto_trailer","","","","","",""
"l10n_br_cnab_structure_payment_bb.cnab_bb_240_boleto_trailer_60_230","BRANCOS","COMPLEMENTO","60","230","0","alpha","","l10n_br_cnab_structure_payment_bb.cnab_bb_240_boleto_trailer","","","","","",""
"l10n_br_cnab_structure_payment_bb.cnab_bb_240_boleto_trailer_231_240","OCORRENCIAS","CODIGOS DE OCORRENCIA","231","240","0","alpha","","l10n_br_cnab_structure_payment_bb.cnab_bb_240_boleto_trailer","","","","","",""
"l10n_br_cnab_structure_payment_bb.cnab_bb_240_trailer_1_3","CODIGO DO BANCO","CODIGO BANCO","1","3","0","num","001","l10n_br_cnab_structure_payment_bb.cnab_bb_240_trailer","","","","","",""
"l10n_br_cnab_structure_payment_bb.cnab_bb_240_trailer_4_7","CODIGO DO LOTE","LOTE DE SERVICO","4","7","0","num","9999","l10n_br_cnab_structure_payment_bb.cnab_bb_240_trailer","","","","","",""
"l10n_br_cnab_structure_payment_bb.cnab_bb_240_trailer_8_8","TIPO DE REGISTRO","REGISTRO TRAILER ARQUIVO","8","8","0","num","9","l10n_br_cnab_structure_payment_bb.cnab_bb_240_trailer","","","","","",""
"l10n_br_cnab_structure_payment_bb.cnab_bb_240_trailer_9_17","BRANCOS","COMPLEMENTO","9","17","0","alpha","","l10n_br_cnab_structure_payment_bb.cnab_bb_240_trailer","","","","","",""
"l10n_br_cnab_structure_payment_bb.cnab_bb_240_trailer_18_23","QTDE LOTES","TOTAL DE LOTES","18","23","0","num","","l10n_br_cnab_structure_payment_bb.cnab_bb_240_trailer","","qty_batches","","","",""
"l10n_br_cnab_structure_payment_bb.cnab_bb_240_trailer_24_29","QTDE REGISTROS","TOTAL DE REGISTROS","24","29","0","num","","l10n_br_cnab_structure_payment_bb.cnab_bb_240_trailer","","qty_records","","","",""
"l10n_br_cnab_structure_payment_bb.cnab_bb_240_trailer_30_240","BRANCOS","COMPLEMENTO","30","240","0","alpha","","l10n_br_cnab_structure_payment_bb.cnab_bb_240_trailer","","","","","",""
"l10n_br_cnab_structure_payment_bb.cnab_bb_240_tributo_com_bc_header_1_3","CODIGO DO BANCO","CODIGO DO BANCO NA COMPENSACAO","1","3","0","num","001","l10n_br_cnab_structure_payment_bb.cnab_bb_240_tributo_com_bc_header","","","company_partner_bank_id.bank_id.code_bc","","partner_bank_code",""
"l10n_br_cnab_structure_payment_bb.cnab_bb_240_tributo_com_bc_header_4_7","LOTE DE SERVICO","NUMERO DO LOTE","4","7","0","num","","l10n_br_cnab_structure_payment_bb.cnab_bb_240_tributo_com_bc_header","","seq_batch","","","seq_number",""
"l10n_br_cnab_structure_payment_bb.cnab_bb_240_tributo_com_bc_header_8_8","TIPO DE REGISTRO","REGISTRO HEADER DE LOTE","8","8","0","num","1","l10n_br_cnab_structure_payment_bb.cnab_bb_240_tributo_com_bc_header","","","","","",""
"l10n_br_cnab_structure_payment_bb.cnab_bb_240_tributo_com_bc_header_9_9","TIPO DE OPERACAO","TIPO DA OPERACAO","9","9","0","alpha","C","l10n_br_cnab_structure_payment_bb.cnab_bb_240_tributo_com_bc_header","","","","","",""
"l10n_br_cnab_structure_payment_bb.cnab_bb_240_tributo_com_bc_header_10_11","FORMA DE PAGAMENTO","FORMA DE PAGAMENTO","10","11","0","num","01","l10n_br_cnab_structure_payment_bb.cnab_bb_240_tributo_com_bc_header","01=Pagamento de tributos","payment_way_code","","","",""
"l10n_br_cnab_structure_payment_bb.cnab_bb_240_tributo_com_bc_header_12_13","FINALIDADE DO ARQUIVO","FINALIDADE DO ARQUIVO","12","13","0","num","30","l10n_br_cnab_structure_payment_bb.cnab_bb_240_tributo_com_bc_header","30=Pagamento de tributos com banco correspondente","","","","",""
"l10n_br_cnab_structure_payment_bb.cnab_bb_240_tributo_com_bc_header_14_16","LAYOUT DO LOTE","VERSAO DO LAYOUT","14","16","0","num","030","l10n_br_cnab_structure_payment_bb.cnab_bb_240_tributo_com_bc_header","030=Versao atual","","","","",""
"l10n_br_cnab_structure_payment_bb.cnab_bb_240_tributo_com_bc_header_17_17","BRANCOS","COMPLEMENTO DE REGISTRO","17","17","0","alpha","","l10n_br_cnab_structure_payment_bb.cnab_bb_240_tributo_com_bc_header","","","","","",""
"l10n_br_cnab_structure_payment_bb.cnab_bb_240_tributo_com_bc_header_18_18","TIPO INSCRICAO","TIPO DE INSCRICAO DA EMPRESA","18","18","0","num","2","l10n_br_cnab_structure_payment_bb.cnab_bb_240_tributo_com_bc_header","1=CPF 2=CNPJ","2","company_id.is_company","","",""
"l10n_br_cnab_structure_payment_bb.cnab_bb_240_tributo_com_bc_header_19_32","NUMERO INSCRICAO","CNPJ OU CPF DA EMPRESA","19","32","0","num","","l10n_br_cnab_structure_payment_bb.cnab_bb_240_tributo_com_bc_header","","","company_id.cnpj_cpf","","cnpj_cpf",""
"l10n_br_cnab_structure_payment_bb.cnab_bb_240_tributo_com_bc_header_33_52","CONVENIO","CODIGO DO CONVENIO NO BANCO","33","52","0","alpha","","l10n_br_cnab_structure_payment_bb.cnab_bb_240_tributo_com_bc_header","","","cnab_config_id.cnab_company_bank_code","","",""
"l10n_br_cnab_structure_payment_bb.cnab_bb_240_tributo_com_bc_header_53_57","AGENCIA","AGENCIA MANTENEDORA DA CONTA","53","57","0","num","","l10n_br_cnab_structure_payment_bb.cnab_bb_240_tributo_com_bc_header","","","company_partner_bank_id.bra_number","","bra_number",""
"l10n_br_cnab_structure_payment_bb.cnab_bb_240_tributo_com_bc_header_58_58","DIGITO AGENCIA","DIGITO DA AGENCIA","58","58","0","alpha","","l10n_br_cnab_structure_payment_bb.cnab_bb_240_tributo_com_bc_header","","","company_partner_bank_id.bra_number_dig","","",""
"l10n_br_cnab_structure_payment_bb.cnab_bb_240_tributo_com_bc_header_59_70","CONTA","NUMERO DA CONTA CORRENTE","59","70","0","num","","l10n_br_cnab_structure_payment_bb.cnab_bb_240_tributo_com_bc_header","","","company_partner_bank_id.acc_number","","bank_acc_number",""
"l10n_br_cnab_structure_payment_bb.cnab_bb_240_tributo_com_bc_header_71_71","DIGITO CONTA","DIGITO DA CONTA","71","71","0","alpha","","l10n_br_cnab_structure_payment_bb.cnab_bb_240_tributo_com_bc_header","","","company_partner_bank_id.acc_number_dig","","",""
"l10n_br_cnab_structure_payment_bb.cnab_bb_240_tributo_com_bc_header_72_72","DIGITO AG/CONTA","DIGITO DA AGENCIA/CONTA","72","72","0","alpha","","l10n_br_cnab_structure_payment_bb.cnab_bb_240_tributo_com_bc_header","","","","","",""
"l10n_br_cnab_structure_payment_bb.cnab_bb_240_tributo_com_bc_header_73_102","NOME DA EMPRESA","RAZAO SOCIAL DA EMPRESA","73","102","0","alpha","","l10n_br_cnab_structure_payment_bb.cnab_bb_240_tributo_com_bc_header","","","company_id.legal_name","","",""
"l10n_br_cnab_structure_payment_bb.cnab_bb_240_tributo_com_bc_header_103_132","MENSAGEM","MENSAGEM PARA O FAVORECIDO","103","132","0","alpha","","l10n_br_cnab_structure_payment_bb.cnab_bb_240_tributo_com_bc_header","","","","","",""
"l10n_br_cnab_structure_payment_bb.cnab_bb_240_tributo_com_bc_header_133_142","HISTORICO C/C","HISTORICO PARA O EXTRATO","133","142","0","alpha","","l10n_br_cnab_structure_payment_bb.cnab_bb_240_tributo_com_bc_header","","","","","",""
"l10n_br_cnab_structure_payment_bb.cnab_bb_240_tributo_com_bc_header_143_172","ENDERECO","LOGRADOURO DA EMPRESA","143","172","0","alpha","","l10n_br_cnab_structure_payment_bb.cnab_bb_240_tributo_com_bc_header","","","company_id.street","","",""
"l10n_br_cnab_structure_payment_bb.cnab_bb_240_tributo_com_bc_header_173_177","NUMERO","NUMERO DO ENDERECO","173","177","0","num","","l10n_br_cnab_structure_payment_bb.cnab_bb_240_tributo_com_bc_header","","","company_id.street_number","","",""
"l10n_br_cnab_structure_payment_bb.cnab_bb_240_tributo_com_bc_header_178_192","COMPLEMENTO","COMPLEMENTO DO ENDERECO","178","192","0","alpha","","l10n_br_cnab_structure_payment_bb.cnab_bb_240_tributo_com_bc_header","","","company_id.street2","","",""
"l10n_br_cnab_structure_payment_bb.cnab_bb_240_tributo_com_bc_header_193_212","CIDADE","CIDADE DA EMPRESA","193","212","0","alpha","","l10n_br_cnab_structure_payment_bb.cnab_bb_240_tributo_com_bc_header","","","company_id.city_id.name","","",""
"l10n_br_cnab_structure_payment_bb.cnab_bb_240_tributo_com_bc_header_213_220","CEP","CEP DA EMPRESA","213","220","0","num","","l10n_br_cnab_structure_payment_bb.cnab_bb_240_tributo_com_bc_header","","","company_id.zip","","",""
"l10n_br_cnab_structure_payment_bb.cnab_bb_240_tributo_com_bc_header_221_222","UF","ESTADO DA EMPRESA","221","222","0","alpha","","l10n_br_cnab_structure_payment_bb.cnab_bb_240_tributo_com_bc_header","","","company_id.state_id.code","","",""
"l10n_br_cnab_structure_payment_bb.cnab_bb_240_tributo_com_bc_header_223_230","BRANCOS","COMPLEMENTO DE REGISTRO","223","230","0","alpha","","l10n_br_cnab_structure_payment_bb.cnab_bb_240_tributo_com_bc_header","","","","","",""
"l10n_br_cnab_structure_payment_bb.cnab_bb_240_tributo_com_bc_header_231_240","OCORRENCIAS","CODIGOS DE OCORRENCIA","231","240","0","alpha","","l10n_br_cnab_structure_payment_bb.cnab_bb_240_tributo_com_bc_header","","","","","",""
"l10n_br_cnab_structure_payment_bb.cnab_bb_240_tributo_com_bc_segmento_o_1_3","CODIGO DO BANCO","CODIGO DO BANCO NA COMPENSACAO","1","3","0","num","001","l10n_br_cnab_structure_payment_bb.cnab_bb_240_tributo_com_bc_segmento_o","","","partner_bank_id.bank_id.code_bc","","",""
"l10n_br_cnab_structure_payment_bb.cnab_bb_240_tributo_com_bc_segmento_o_4_7","LOTE DE SERVICO","NUMERO DO LOTE","4","7","0","num","","l10n_br_cnab_structure_payment_bb.cnab_bb_240_tributo_com_bc_segmento_o","","seq_batch","","","seq_number",""
"l10n_br_cnab_structure_payment_bb.cnab_bb_240_tributo_com_bc_segmento_o_8_8","TIPO DE REGISTRO","TIPO DE REGISTRO","8","8","0","num","3","l10n_br_cnab_structure_payment_bb.cnab_bb_240_tributo_com_bc_segmento_o","","","","","record_type",""
"l10n_br_cnab_structure_payment_bb.cnab_bb_240_tributo_com_bc_segmento_o_9_13","Nº REGISTRO","NUMERO SEQUENCIAL DO REGISTRO","9","13","0","num","","l10n_br_cnab_structure_payment_bb.cnab_bb_240_tributo_com_bc_segmento_o","","seq_record_detail","","","seq_number",""
"l10n_br_cnab_structure_payment_bb.cnab_bb_240_tributo_com_bc_segmento_o_14_14","SEGMENTO","CODIGO DO SEGMENTO","14","14","0","alpha","O","l10n_br_cnab_structure_payment_bb.cnab_bb_240_tributo_com_bc_segmento_o","","","","","segment",""
"l10n_br_cnab_structure_payment_bb.cnab_bb_240_tributo_com_bc_segmento_o_15_15","TIPO DE MOVIMENTO","TIPO DE MOVIMENTO","15","15","0","num","0","l10n_br_cnab_structure_payment_bb.cnab_bb_240_tributo_com_bc_segmento_o","","","","","move_type_code",""
"l10n_br_cnab_structure_payment_bb.cnab_bb_240_tributo_com_bc_segmento_o_16_17","CODIGO DA INSTRUCAO","CODIGO DA INSTRUCAO PARA MOVIMENTO","16","17","0","num","00","l10n_br_cnab_structure_payment_bb.cnab_bb_240_tributo_com_bc_segmento_o","","","","","instruction_code",""
"l10n_br_cnab_structure_payment_bb.cnab_bb_240_tributo_com_bc_segmento_o_18_20","CAMARA","CODIGO DA CAMARA COMPENSADORA","18","20","0","num","","l10n_br_cnab_structure_payment_bb.cnab_bb_240_tributo_com_bc_segmento_o","","","cnab_payment_way_id.clearinghouse_code","","centralizing_chamber_code",""
"l10n_br_cnab_structure_payment_bb.cnab_bb_240_tributo_com_bc_segmento_o_21_23","BANCO FAVORECIDO","CODIGO DO BANCO FAVORECIDO","21","23","0","num","","l10n_br_cnab_structure_payment_bb.cnab_bb_240_tributo_com_bc_segmento_o","","","partner_bank_id.bank_id.code_bc","","partner_bank_code",""
"l10n_br_cnab_structure_payment_bb.cnab_bb_240_tributo_com_bc_segmento_o_24_28","AGENCIA","AGENCIA DO FAVORECIDO","24","28","0","num","","l10n_br_cnab_structure_payment_bb.cnab_bb_240_tributo_com_bc_segmento_o","","","partner_bank_id.bra_number","","partner_bank_branch",""
"l10n_br_cnab_structure_payment_bb.cnab_bb_240_tributo_com_bc_segmento_o_29_29","DIGITO AGENCIA","DIGITO DA AGENCIA","29","29","0","alpha","","l10n_br_cnab_structure_payment_bb.cnab_bb_240_tributo_com_bc_segmento_o","","","partner_bank_id.bra_number_dig","","",""
"l10n_br_cnab_structure_payment_bb.cnab_bb_240_tributo_com_bc_segmento_o_30_41","CONTA","CONTA DO FAVORECIDO","30","41","0","num","","l10n_br_cnab_structure_payment_bb.cnab_bb_240_tributo_com_bc_segmento_o","","","partner_bank_id.acc_number","","partner_bank_account",""
"l10n_br_cnab_structure_payment_bb.cnab_bb_240_tributo_com_bc_segmento_o_42_42","DIGITO CONTA","DIGITO DA CONTA","42","42","0","alpha","","l10n_br_cnab_structure_payment_bb.cnab_bb_240_tributo_com_bc_segmento_o","","","partner_bank_id.acc_number_dig","","partner_bank_account_dac",""
"l10n_br_cnab_structure_payment_bb.cnab_bb_240_tributo_com_bc_segmento_o_43_43","DIGITO AG/CONTA","DIGITO AGENCIA/CONTA","43","43","0","alpha","","l10n_br_cnab_structure_payment_bb.cnab_bb_240_tributo_com_bc_segmento_o","","","","","",""
"l10n_br_cnab_structure_payment_bb.cnab_bb_240_tributo_com_bc_segmento_o_44_73","NOME DO FAVORECIDO","NOME DO FAVORECIDO","44","73","0","alpha","","l10n_br_cnab_structure_payment_bb.cnab_bb_240_tributo_com_bc_segmento_o","","","partner_id.name","","partner_name",""
"l10n_br_cnab_structure_payment_bb.cnab_bb_240_tributo_com_bc_segmento_o_74_93","SEU NUMERO","NUMERO DO DOCUMENTO","74","93","0","alpha","","l10n_br_cnab_structure_payment_bb.cnab_bb_240_tributo_com_bc_segmento_o","","","name","","your_number",""
"l10n_br_cnab_structure_payment_bb.cnab_bb_240_tributo_com_bc_segmento_o_94_101","DATA DE PAGAMENTO","DATA PARA EFETIVACAO DO PAGAMENTO","94","101","0","num","","l10n_br_cnab_structure_payment_bb.cnab_bb_240_tributo_com_bc_segmento_o","DDMMAAAA","content.strftime(""%d%m%Y"") if content else time.strftime(""%d%m%Y"")","date","datetime.strptime(content,""%d%m%Y"") if content != ""00000000"" else False","expected_payment_date",""
"l10n_br_cnab_structure_payment_bb.cnab_bb_240_tributo_com_bc_segmento_o_102_104","MOEDA","TIPO DA MOEDA","102","104","0","alpha","BRL","l10n_br_cnab_structure_payment_bb.cnab_bb_240_tributo_com_bc_segmento_o","","","","","currency_type",""
"l10n_br_cnab_structure_payment_bb.cnab_bb_240_tributo_com_bc_segmento_o_105_119","VALOR DO PAGAMENTO","VALOR DO PAGAMENTO","105","119","2","num","","l10n_br_cnab_structure_payment_bb.cnab_bb_240_tributo_com_bc_segmento_o","","","amount_currency","","title_value",""
"l10n_br_cnab_structure_payment_bb.cnab_bb_240_tributo_com_bc_segmento_o_120_134","NOSSO NUMERO","NOSSO NUMERO","120","134","0","alpha","","l10n_br_cnab_structure_payment_bb.cnab_bb_240_tributo_com_bc_segmento_o","","","","","own_number",""
"l10n_br_cnab_structure_payment_bb.cnab_bb_240_tributo_com_bc_segmento_o_135_154","BRANCOS","USO EXCLUSIVO FEBRABAN/CNAB","135","154","0","alpha","","l10n_br_cnab_structure_payment_bb.cnab_bb_240_tributo_com_bc_segmento_o","","","","","",""
"l10n_br_cnab_structure_payment_bb.cnab_bb_240_tributo_com_bc_segmento_o_155_162","DATA EFETIVA","DATA REAL DA EFETIVACAO","155","162","0","num","","l10n_br_cnab_structure_payment_bb.cnab_bb_240_tributo_com_bc_segmento_o","","","","datetime.strptime(content,""%d%m%Y"") if content != ""00000000"" else False","real_payment_date",""
"l10n_br_cnab_structure_payment_bb.cnab_bb_240_tributo_com_bc_segmento_o_163_177","VALOR EFETIVO","VALOR REAL DO PAGAMENTO","163","177","2","num","","l10n_br_cnab_structure_payment_bb.cnab_bb_240_tributo_com_bc_segmento_o","","","","","payment_value",""
"l10n_br_cnab_structure_payment_bb.cnab_bb_240_tributo_com_bc_segmento_o_178_187","CODIGO DE BARRAS","CODIGO DE BARRAS DO DOCUMENTO","178","187","0","num","","l10n_br_cnab_structure_payment_bb.cnab_bb_240_tributo_com_bc_segmento_o","","","barcode","","",""
"l10n_br_cnab_structure_payment_bb.cnab_bb_240_tributo_com_bc_segmento_o_188_195","VENCIMENTO","DATA DE VENCIMENTO DO DOCUMENTO","188","195","0","num","","l10n_br_cnab_structure_payment_bb.cnab_bb_240_tributo_com_bc_segmento_o","DDMMAAAA","time.strftime(""%d%m%Y"")","","datetime.strptime(content,""%d%m%Y"")","due_date",""
"l10n_br_cnab_structure_payment_bb.cnab_bb_240_tributo_com_bc_segmento_o_196_215","VALOR DO DOCUMENTO","VALOR DO DOCUMENTO","196","215","2","num","","l10n_br_cnab_structure_payment_bb.cnab_bb_240_tributo_com_bc_segmento_o","","","amount_currency","","",""
"l10n_br_cnab_structure_payment_bb.cnab_bb_240_tributo_com_bc_segmento_o_216_230","NOSSO NUMERO","NOSSO NUMERO (BANCO)","216","230","0","alpha","","l10n_br_cnab_structure_payment_bb.cnab_bb_240_tributo_com_bc_segmento_o","","","","","own_number_bank",""
"l10n_br_cnab_structure_payment_bb.cnab_bb_240_tributo_com_bc_segmento_o_231_240","OCORRENCIAS","CODIGOS DE OCORRENCIA","231","240","0","alpha","","l10n_br_cnab_structure_payment_bb.cnab_bb_240_tributo_com_bc_segmento_o","","","","","",""
"l10n_br_cnab_structure_payment_bb.cnab_bb_240_tributo_com_bc_trailer_1_3","CODIGO DO BANCO","CODIGO BANCO","1","3","0","num","001","l10n_br_cnab_structure_payment_bb.cnab_bb_240_tributo_com_bc_trailer","","","","","",""
"l10n_br_cnab_structure_payment_bb.cnab_bb_240_tributo_com_bc_trailer_4_7","CODIGO DO LOTE","LOTE DE SERVICO","4","7","0","num","","l10n_br_cnab_structure_payment_bb.cnab_bb_240_tributo_com_bc_trailer","","seq_batch","","","",""
"l10n_br_cnab_structure_payment_bb.cnab_bb_240_tributo_com_bc_trailer_8_8","TIPO DE REGISTRO","REGISTRO TRAILER DE LOTE","8","8","0","num","5","l10n_br_cnab_structure_payment_bb.cnab_bb_240_tributo_com_bc_trailer","","","","","",""
"l10n_br_cnab_structure_payment_bb.cnab_bb_240_tributo_com_bc_trailer_9_17","BRANCOS","COMPLEMENTO DE REGISTRO","9","17","0","alpha","","l10n_br_cnab_structure_payment_bb.cnab_bb_240_tributo_com_bc_trailer","","","","","",""
"l10n_br_cnab_structure_payment_bb.cnab_bb_240_tributo_com_bc_trailer_18_23","TOTAL QTDE REGISTROS","QTDE REGISTROS DO LOTE","18","23","0","num","","l10n_br_cnab_structure_payment_bb.cnab_bb_240_tributo_com_bc_trailer","","qty_records","","","",""
"l10n_br_cnab_structure_payment_bb.cnab_bb_240_tributo_com_bc_trailer_24_41","VALOR TOTAL","VALOR TOTAL DOS PAGAMENTOS","24","41","2","num","","l10n_br_cnab_structure_payment_bb.cnab_bb_240_tributo_com_bc_trailer","","sum(line.amount_currency for line in batch_detail_lines)","","","",""
"l10n_br_cnab_structure_payment_bb.cnab_bb_240_tributo_com_bc_trailer_42_59","BRANCOS","COMPLEMENTO DE REGISTRO","42","59","0","alpha","0","l10n_br_cnab_structure_payment_bb.cnab_bb_240_tributo_com_bc_trailer","","","","","",""
"l10n_br_cnab_structure_payment_bb.cnab_bb_240_tributo_com_bc_trailer_60_230","BRANCOS","COMPLEMENTO DE REGISTRO","60","230","0","alpha","","l10n_br_cnab_structure_payment_bb.cnab_bb_240_tributo_com_bc_trailer","","","","","",""
"l10n_br_cnab_structure_payment_bb.cnab_bb_240_tributo_com_bc_trailer_231_240","OCORRENCIAS","CODIGOS DE OCORRENCIA","231","240","0","alpha","","l10n_br_cnab_structure_payment_bb.cnab_bb_240_tributo_com_bc_trailer","","","","","",""
"l10n_br_cnab_structure_payment_bb.cnab_bb_240_tributo_sem_bc_header_1_3","CODIGO DO BANCO","CODIGO DO BANCO NA COMPENSACAO","1","3","0","num","001","l10n_br_cnab_structure_payment_bb.cnab_bb_240_tributo_sem_bc_header","","","company_partner_bank_id.bank_id.code_bc","","",""
"l10n_br_cnab_structure_payment_bb.cnab_bb_240_tributo_sem_bc_header_4_7","LOTE DE SERVICO","NUMERO DO LOTE","4","7","0","num","","l10n_br_cnab_structure_payment_bb.cnab_bb_240_tributo_sem_bc_header","","seq_batch","","","seq_number",""
"l10n_br_cnab_structure_payment_bb.cnab_bb_240_tributo_sem_bc_header_8_8","TIPO DE REGISTRO","REGISTRO HEADER DE LOTE","8","8","0","num","1","l10n_br_cnab_structure_payment_bb.cnab_bb_240_tributo_sem_bc_header","","","","","",""
"l10n_br_cnab_structure_payment_bb.cnab_bb_240_tributo_sem_bc_header_9_9","TIPO DE OPERACAO","TIPO DA OPERACAO","9","9","0","alpha","C","l10n_br_cnab_structure_payment_bb.cnab_bb_240_tributo_sem_bc_header","","","","","",""
"l10n_br_cnab_structure_payment_bb.cnab_bb_240_tributo_sem_bc_header_10_11","FORMA DE PAGAMENTO","FORMA DE PAGAMENTO","10","11","0","num","01","l10n_br_cnab_structure_payment_bb.cnab_bb_240_tributo_sem_bc_header","01=Pagamento de tributos","payment_way_code","","","",""
"l10n_br_cnab_structure_payment_bb.cnab_bb_240_tributo_sem_bc_header_12_13","FINALIDADE DO ARQUIVO","FINALIDADE DO ARQUIVO","12","13","0","num","31","l10n_br_cnab_structure_payment_bb.cnab_bb_240_tributo_sem_bc_header","31=Pagamento de tributos sem banco correspondente","","","","",""
"l10n_br_cnab_structure_payment_bb.cnab_bb_240_tributo_sem_bc_header_14_16","LAYOUT DO LOTE","VERSAO DO LAYOUT","14","16","0","num","030","l10n_br_cnab_structure_payment_bb.cnab_bb_240_tributo_sem_bc_header","030=Versao atual","","","","",""
"l10n_br_cnab_structure_payment_bb.cnab_bb_240_tributo_sem_bc_header_17_17","BRANCOS","COMPLEMENTO DE REGISTRO","17","17","0","alpha","","l10n_br_cnab_structure_payment_bb.cnab_bb_240_tributo_sem_bc_header","","","","","",""
"l10n_br_cnab_structure_payment_bb.cnab_bb_240_tributo_sem_bc_header_18_18","TIPO INSCRICAO","TIPO DE INSCRICAO DA EMPRESA","18","18","0","num","2","l10n_br_cnab_structure_payment_bb.cnab_bb_240_tributo_sem_bc_header","1=CPF 2=CNPJ","2","company_id.is_company","","",""
"l10n_br_cnab_structure_payment_bb.cnab_bb_240_tributo_sem_bc_header_19_32","NUMERO INSCRICAO","CNPJ OU CPF DA EMPRESA","19","32","0","num","","l10n_br_cnab_structure_payment_bb.cnab_bb_240_tributo_sem_bc_header","","","company_id.cnpj_cpf","","cnpj_cpf",""
"l10n_br_cnab_structure_payment_bb.cnab_bb_240_tributo_sem_bc_header_33_52","CONVENIO","CODIGO DO CONVENIO NO BANCO","33","52","0","alpha","","l10n_br_cnab_structure_payment_bb.cnab_bb_240_tributo_sem_bc_header","","","cnab_config_id.cnab_company_bank_code","","",""
"l10n_br_cnab_structure_payment_bb.cnab_bb_240_tributo_sem_bc_header_53_57","AGENCIA","AGENCIA MANTENEDORA DA CONTA","53","57","0","num","","l10n_br_cnab_structure_payment_bb.cnab_bb_240_tributo_sem_bc_header","","","company_partner_bank_id.bra_number","","bra_number",""
"l10n_br_cnab_structure_payment_bb.cnab_bb_240_tributo_sem_bc_header_58_58","DIGITO AGENCIA","DIGITO DA AGENCIA","58","58","0","alpha","","l10n_br_cnab_structure_payment_bb.cnab_bb_240_tributo_sem_bc_header","","","company_partner_bank_id.bra_number_dig","","",""
"l10n_br_cnab_structure_payment_bb.cnab_bb_240_tributo_sem_bc_header_59_70","CONTA","NUMERO DA CONTA CORRENTE","59","70","0","num","","l10n_br_cnab_structure_payment_bb.cnab_bb_240_tributo_sem_bc_header","","","company_partner_bank_id.acc_number","","bank_acc_number",""
"l10n_br_cnab_structure_payment_bb.cnab_bb_240_tributo_sem_bc_header_71_71","DIGITO CONTA","DIGITO DA CONTA","71","71","0","alpha","","l10n_br_cnab_structure_payment_bb.cnab_bb_240_tributo_sem_bc_header","","","company_partner_bank_id.acc_number_dig","","",""
"l10n_br_cnab_structure_payment_bb.cnab_bb_240_tributo_sem_bc_header_72_72","DIGITO AG/CONTA","DIGITO DA AGENCIA/CONTA","72","72","0","alpha","","l10n_br_cnab_structure_payment_bb.cnab_bb_240_tributo_sem_bc_header","","","","","",""
"l10n_br_cnab_structure_payment_bb.cnab_bb_240_tributo_sem_bc_header_73_102","NOME DA EMPRESA","RAZAO SOCIAL DA EMPRESA","73","102","0","alpha","","l10n_br_cnab_structure_payment_bb.cnab_bb_240_tributo_sem_bc_header","","","company_id.legal_name","","",""
"l10n_br_cnab_structure_payment_bb.cnab_bb_240_tributo_sem_bc_header_103_132","MENSAGEM","MENSAGEM PARA O FAVORECIDO","103","132","0","alpha","","l10n_br_cnab_structure_payment_bb.cnab_bb_240_tributo_sem_bc_header","","","","","",""
"l10n_br_cnab_structure_payment_bb.cnab_bb_240_tributo_sem_bc_header_133_142","HISTORICO C/C","HISTORICO PARA O EXTRATO","133","142","0","alpha","","l10n_br_cnab_structure_payment_bb.cnab_bb_240_tributo_sem_bc_header","","","","","",""
"l10n_br_cnab_structure_payment_bb.cnab_bb_240_tributo_sem_bc_header_143_172","ENDERECO","LOGRADOURO DA EMPRESA","143","172","0","alpha","","l10n_br_cnab_structure_payment_bb.cnab_bb_240_tributo_sem_bc_header","","","company_id.street","","",""
"l10n_br_cnab_structure_payment_bb.cnab_bb_240_tributo_sem_bc_header_173_177","NUMERO","NUMERO DO ENDERECO","173","177","0","num","","l10n_br_cnab_structure_payment_bb.cnab_bb_240_tributo_sem_bc_header","","","company_id.street_number","","",""
"l10n_br_cnab_structure_payment_bb.cnab_bb_240_tributo_sem_bc_header_178_192","COMPLEMENTO","COMPLEMENTO DO ENDERECO","178","192","0","alpha","","l10n_br_cnab_structure_payment_bb.cnab_bb_240_tributo_sem_bc_header","","","company_id.street2","","",""
"l10n_br_cnab_structure_payment_bb.cnab_bb_240_tributo_sem_bc_header_193_212","CIDADE","CIDADE DA EMPRESA","193","212","0","alpha","","l10n_br_cnab_structure_payment_bb.cnab_bb_240_tributo_sem_bc_header","","","company_id.city_id.name","","",""
"l10n_br_cnab_structure_payment_bb.cnab_bb_240_tributo_sem_bc_header_213_220","CEP","CEP DA EMPRESA","213","220","0","num","","l10n_br_cnab_structure_payment_bb.cnab_bb_240_tributo_sem_bc_header","","","company_id.zip","","",""
"l10n_br_cnab_structure_payment_bb.cnab_bb_240_tributo_sem_bc_header_221_222","UF","ESTADO DA EMPRESA","221","222","0","alpha","","l10n_br_cnab_structure_payment_bb.cnab_bb_240_tributo_sem_bc_header","","","company_id.state_id.code","","",""
"l10n_br_cnab_structure_payment_bb.cnab_bb_240_tributo_sem_bc_header_223_230","BRANCOS","COMPLEMENTO DE REGISTRO","223","230","0","alpha","","l10n_br_cnab_structure_payment_bb.cnab_bb_240_tributo_sem_bc_header","","","","","",""
"l10n_br_cnab_structure_payment_bb.cnab_bb_240_tributo_sem_bc_header_231_240","OCORRENCIAS","CODIGOS DE OCORRENCIA","231","240","0","alpha","","l10n_br_cnab_structure_payment_bb.cnab_bb_240_tributo_sem_bc_header","","","","","",""
"l10n_br_cnab_structure_payment_bb.cnab_bb_240_tributo_sem_bc_segmento_n_1_3","CODIGO DO BANCO","CODIGO DO BANCO NA COMPENSACAO","1","3","0","num","001","l10n_br_cnab_structure_payment_bb.cnab_bb_240_tributo_sem_bc_segmento_n","","","partner_bank_id.bank_id.code_bc","","",""
"l10n_br_cnab_structure_payment_bb.cnab_bb_240_tributo_sem_bc_segmento_n_4_7","LOTE DE SERVICO","NUMERO DO LOTE","4","7","0","num","","l10n_br_cnab_structure_payment_bb.cnab_bb_240_tributo_sem_bc_segmento_n","","seq_batch","","","seq_number",""
"l10n_br_cnab_structure_payment_bb.cnab_bb_240_tributo_sem_bc_segmento_n_8_8","TIPO DE REGISTRO","TIPO DE REGISTRO","8","8","0","num","3","l10n_br_cnab_structure_payment_bb.cnab_bb_240_tributo_sem_bc_segmento_n","","","","","record_type",""
"l10n_br_cnab_structure_payment_bb.cnab_bb_240_tributo_sem_bc_segmento_n_9_13","Nº REGISTRO","NUMERO SEQUENCIAL DO REGISTRO","9","13","0","num","","l10n_br_cnab_structure_payment_bb.cnab_bb_240_tributo_sem_bc_segmento_n","","seq_record_detail","","","seq_number",""
"l10n_br_cnab_structure_payment_bb.cnab_bb_240_tributo_sem_bc_segmento_n_14_14","SEGMENTO","CODIGO DO SEGMENTO","14","14","0","alpha","N","l10n_br_cnab_structure_payment_bb.cnab_bb_240_tributo_sem_bc_segmento_n","","","","","segment",""
"l10n_br_cnab_structure_payment_bb.cnab_bb_240_tributo_sem_bc_segmento_n_15_15","TIPO DE MOVIMENTO","TIPO DE MOVIMENTO","15","15","0","num","0","l10n_br_cnab_structure_payment_bb.cnab_bb_240_tributo_sem_bc_segmento_n","","","","","move_type_code",""
"l10n_br_cnab_structure_payment_bb.cnab_bb_240_tributo_sem_bc_segmento_n_16_17","CODIGO DA INSTRUCAO","CODIGO DA INSTRUCAO PARA MOVIMENTO","16","17","0","num","00","l10n_br_cnab_structure_payment_bb.cnab_bb_240_tributo_sem_bc_segmento_n","","","","","instruction_code",""
"l10n_br_cnab_structure_payment_bb.cnab_bb_240_tributo_sem_bc_segmento_n_18_20","CAMARA","CODIGO DA CAMARA COMPENSADORA","18","20","0","num","","l10n_br_cnab_structure_payment_bb.cnab_bb_240_tributo_sem_bc_segmento_n","","","cnab_payment_way_id.clearinghouse_code","","centralizing_chamber_code",""
"l10n_br_cnab_structure_payment_bb.cnab_bb_240_tributo_sem_bc_segmento_n_21_23","BANCO FAVORECIDO","CODIGO DO BANCO FAVORECIDO","21","23","0","num","","l10n_br_cnab_structure_payment_bb.cnab_bb_240_tributo_sem_bc_segmento_n","","","partner_bank_id.bank_id.code_bc","","partner_bank_code",""
"l10n_br_cnab_structure_payment_bb.cnab_bb_240_tributo_sem_bc_segmento_n_24_28","AGENCIA","AGENCIA DO FAVORECIDO","24","28","0","num","","l10n_br_cnab_structure_payment_bb.cnab_bb_240_tributo_sem_bc_segmento_n","","","partner_bank_id.bra_number","","partner_bank_branch",""
"l10n_br_cnab_structure_payment_bb.cnab_bb_240_tributo_sem_bc_segmento_n_29_29","DIGITO AGENCIA","DIGITO DA AGENCIA","29","29","0","alpha","","l10n_br_cnab_structure_payment_bb.cnab_bb_240_tributo_sem_bc_segmento_n","","","partner_bank_id.bra_number_dig","","",""
"l10n_br_cnab_structure_payment_bb.cnab_bb_240_tributo_sem_bc_segmento_n_30_41","CONTA","CONTA DO FAVORECIDO","30","41","0","num","","l10n_br_cnab_structure_payment_bb.cnab_bb_240_tributo_sem_bc_segmento_n","","","partner_bank_id.acc_number","","partner_bank_account",""
"l10n_br_cnab_structure_payment_bb.cnab_bb_240_tributo_sem_bc_segmento_n_42_42","DIGITO CONTA","DIGITO DA CONTA","42","42","0","alpha","","l10n_br_cnab_structure_payment_bb.cnab_bb_240_tributo_sem_bc_segmento_n","","","partner_bank_id.acc_number_dig","","partner_bank_account_dac",""
"l10n_br_cnab_structure_payment_bb.cnab_bb_240_tributo_sem_bc_segmento_n_43_43","DIGITO AG/CONTA","DIGITO AGENCIA/CONTA","43","43","0","alpha","","l10n_br_cnab_structure_payment_bb.cnab_bb_240_tributo_sem_bc_segmento_n","","","","","",""
"l10n_br_cnab_structure_payment_bb.cnab_bb_240_tributo_sem_bc_segmento_n_44_73","NOME DO FAVORECIDO","NOME DO FAVORECIDO","44","73","0","alpha","","l10n_br_cnab_structure_payment_bb.cnab_bb_240_tributo_sem_bc_segmento_n","","","partner_id.name","","partner_name",""
"l10n_br_cnab_structure_payment_bb.cnab_bb_240_tributo_sem_bc_segmento_n_74_93","SEU NUMERO","NUMERO DO DOCUMENTO","74","93","0","alpha","","l10n_br_cnab_structure_payment_bb.cnab_bb_240_tributo_sem_bc_segmento_n","","","name","","your_number",""
"l10n_br_cnab_structure_payment_bb.cnab_bb_240_tributo_sem_bc_segmento_n_94_101","DATA DE PAGAMENTO","DATA PARA EFETIVACAO DO PAGAMENTO","94","101","0","num","","l10n_br_cnab_structure_payment_bb.cnab_bb_240_tributo_sem_bc_segmento_n","DDMMAAAA","time.strftime(""%d%m%y"")","","datetime.strptime(content,""%d%m%y"")","expected_payment_date",""
"l10n_br_cnab_structure_payment_bb.cnab_bb_240_tributo_sem_bc_segmento_n_102_104","MOEDA","TIPO DA MOEDA","102","104","0","alpha","BRL","l10n_br_cnab_structure_payment_bb.cnab_bb_240_tributo_sem_bc_segmento_n","","","","","currency_type",""
"l10n_br_cnab_structure_payment_bb.cnab_bb_240_tributo_sem_bc_segmento_n_105_119","VALOR DO PAGAMENTO","VALOR DO PAGAMENTO","105","119","2","num","","l10n_br_cnab_structure_payment_bb.cnab_bb_240_tributo_sem_bc_segmento_n","","","amount_currency","","title_value",""
"l10n_br_cnab_structure_payment_bb.cnab_bb_240_tributo_sem_bc_segmento_n_120_134","NOSSO NUMERO","NOSSO NUMERO","120","134","0","alpha","","l10n_br_cnab_structure_payment_bb.cnab_bb_240_tributo_sem_bc_segmento_n","","","","","own_number",""
"l10n_br_cnab_structure_payment_bb.cnab_bb_240_tributo_sem_bc_segmento_n_135_154","BRANCOS","USO EXCLUSIVO FEBRABAN/CNAB","135","154","0","alpha","","l10n_br_cnab_structure_payment_bb.cnab_bb_240_tributo_sem_bc_segmento_n","","","","","",""
"l10n_br_cnab_structure_payment_bb.cnab_bb_240_tributo_sem_bc_segmento_n_155_162","DATA EFETIVA","DATA REAL DA EFETIVACAO","155","162","0","num","","l10n_br_cnab_structure_payment_bb.cnab_bb_240_tributo_sem_bc_segmento_n","","","","datetime.strptime(content,""%d%m%Y"") if content != ""00000000"" else False","real_payment_date",""
"l10n_br_cnab_structure_payment_bb.cnab_bb_240_tributo_sem_bc_segmento_n_163_177","VALOR EFETIVO","VALOR REAL DO PAGAMENTO","163","177","2","num","","l10n_br_cnab_structure_payment_bb.cnab_bb_240_tributo_sem_bc_segmento_n","","","","","payment_value",""
"l10n_br_cnab_structure_payment_bb.cnab_bb_240_tributo_sem_bc_segmento_n_178_187","CODIGO DE BARRAS","CODIGO DE BARRAS DO DOCUMENTO","178","187","0","num","","l10n_br_cnab_structure_payment_bb.cnab_bb_240_tributo_sem_bc_segmento_n","","","barcode","","",""
"l10n_br_cnab_structure_payment_bb.cnab_bb_240_tributo_sem_bc_segmento_n_188_195","VENCIMENTO","DATA DE VENCIMENTO DO DOCUMENTO","188","195","0","num","","l10n_br_cnab_structure_payment_bb.cnab_bb_240_tributo_sem_bc_segmento_n","DDMMAAAA","time.strftime(""%d%m%Y"")","","datetime.strptime(content,""%d%m%Y"")","due_date",""
"l10n_br_cnab_structure_payment_bb.cnab_bb_240_tributo_sem_bc_segmento_n_196_215","VALOR DO DOCUMENTO","VALOR DO DOCUMENTO","196","215","2","num","","l10n_br_cnab_structure_payment_bb.cnab_bb_240_tributo_sem_bc_segmento_n","","","amount_currency","","",""
"l10n_br_cnab_structure_payment_bb.cnab_bb_240_tributo_sem_bc_segmento_n_216_230","NOSSO NUMERO","NOSSO NUMERO (BANCO)","216","230","0","alpha","","l10n_br_cnab_structure_payment_bb.cnab_bb_240_tributo_sem_bc_segmento_n","","","","","own_number_bank",""
"l10n_br_cnab_structure_payment_bb.cnab_bb_240_tributo_sem_bc_segmento_n_231_240","OCORRENCIAS","CODIGOS DE OCORRENCIA","231","240","0","alpha","","l10n_br_cnab_structure_payment_bb.cnab_bb_240_tributo_sem_bc_segmento_n","","","","","",""
"l10n_br_cnab_structure_payment_bb.cnab_bb_240_tributo_sem_bc_segmento_b_1_3","CODIGO DO BANCO","CODIGO DO BANCO NA COMPENSACAO","1","3","0","num","001","l10n_br_cnab_structure_payment_bb.cnab_bb_240_tributo_sem_bc_segmento_b","","","partner_bank_id.bank_id.code_bc","","",""
"l10n_br_cnab_structure_payment_bb.cnab_bb_240_tributo_sem_bc_segmento_b_4_7","LOTE DE SERVICO","NUMERO DO LOTE","4","7","0","num","","l10n_br_cnab_structure_payment_bb.cnab_bb_240_tributo_sem_bc_segmento_b","","seq_batch","","","seq_number",""
"l10n_br_cnab_structure_payment_bb.cnab_bb_240_tributo_sem_bc_segmento_b_8_8","TIPO DE REGISTRO","TIPO DE REGISTRO","8","8","0","num","3","l10n_br_cnab_structure_payment_bb.cnab_bb_240_tributo_sem_bc_segmento_b","","","","","record_type",""
"l10n_br_cnab_structure_payment_bb.cnab_bb_240_tributo_sem_bc_segmento_b_9_13","Nº REGISTRO","NUMERO SEQUENCIAL DO REGISTRO","9","13","0","num","","l10n_br_cnab_structure_payment_bb.cnab_bb_240_tributo_sem_bc_segmento_b","","seq_record_detail","","","seq_number",""
"l10n_br_cnab_structure_payment_bb.cnab_bb_240_tributo_sem_bc_segmento_b_14_14","SEGMENTO","CODIGO DO SEGMENTO","14","14","0","alpha","B","l10n_br_cnab_structure_payment_bb.cnab_bb_240_tributo_sem_bc_segmento_b","","","","","segment",""
"l10n_br_cnab_structure_payment_bb.cnab_bb_240_tributo_sem_bc_segmento_b_15_17","FINALIDADE COMERCIAL","FINALIDADE COMERCIAL DO PAGAMENTO","15","17","0","num","35","l10n_br_cnab_structure_payment_bb.cnab_bb_240_tributo_sem_bc_segmento_b","","","cnab_payment_way_id.code","","",""
"l10n_br_cnab_structure_payment_bb.cnab_bb_240_tributo_sem_bc_segmento_b_18_20","CAMARA","CODIGO DA CAMARA COMPENSADORA","18","20","0","num","","l10n_br_cnab_structure_payment_bb.cnab_bb_240_tributo_sem_bc_segmento_b","","","cnab_payment_way_id.clearinghouse_code","","centralizing_chamber_code",""
"l10n_br_cnab_structure_payment_bb.cnab_bb_240_tributo_sem_bc_segmento_b_21_23","BANCO FAVORECIDO","CODIGO DO BANCO FAVORECIDO","21","23","0","num","","l10n_br_cnab_structure_payment_bb.cnab_bb_240_tributo_sem_bc_segmento_b","","","partner_bank_id.bank_id.code_bc","","partner_bank_code",""
"l10n_br_cnab_structure_payment_bb.cnab_bb_240_tributo_sem_bc_segmento_b_24_28","AGENCIA","AGENCIA DO FAVORECIDO","24","28","0","num","","l10n_br_cnab_structure_payment_bb.cnab_bb_240_tributo_sem_bc_segmento_b","","","partner_bank_id.bra_number","","partner_bank_branch",""
"l10n_br_cnab_structure_payment_bb.cnab_bb_240_tributo_sem_bc_segmento_b_29_29","DIGITO AGENCIA","DIGITO DA AGENCIA","29","29","0","alpha","","l10n_br_cnab_structure_payment_bb.cnab_bb_240_tributo_sem_bc_segmento_b","","","partner_bank_id.bra_number_dig","","",""
"l10n_br_cnab_structure_payment_bb.cnab_bb_240_tributo_sem_bc_segmento_b_30_41","CONTA","CONTA DO FAVORECIDO","30","41","0","num","","l10n_br_cnab_structure_payment_bb.cnab_bb_240_tributo_sem_bc_segmento_b","","","partner_bank_id.acc_number","","partner_bank_account",""
"l10n_br_cnab_structure_payment_bb.cnab_bb_240_tributo_sem_bc_segmento_b_42_42","DIGITO CONTA","DIGITO DA CONTA","42","42","0","alpha","","l10n_br_cnab_structure_payment_bb.cnab_bb_240_tributo_sem_bc_segmento_b","","","partner_bank_id.acc_number_dig","","partner_bank_account_dac",""
"l10n_br_cnab_structure_payment_bb.cnab_bb_240_tributo_sem_bc_segmento_b_43_43","DIGITO AG/CONTA","DIGITO AGENCIA/CONTA","43","43","0","alpha","","l10n_br_cnab_structure_payment_bb.cnab_bb_240_tributo_sem_bc_segmento_b","","","","","",""
"l10n_br_cnab_structure_payment_bb.cnab_bb_240_tributo_sem_bc_segmento_b_44_73","NOME DO FAVORECIDO","NOME DO FAVORECIDO","44","73","0","alpha","","l10n_br_cnab_structure_payment_bb.cnab_bb_240_tributo_sem_bc_segmento_b","","","partner_id.name","","partner_name",""
"l10n_br_cnab_structure_payment_bb.cnab_bb_240_tributo_sem_bc_segmento_b_74_93","SEU NUMERO","NUMERO DO DOCUMENTO","74","93","0","alpha","","l10n_br_cnab_structure_payment_bb.cnab_bb_240_tributo_sem_bc_segmento_b","","","name","","your_number",""
"l10n_br_cnab_structure_payment_bb.cnab_bb_240_tributo_sem_bc_segmento_b_94_101","DATA DE PAGAMENTO","DATA PARA EFETIVACAO DO PAGAMENTO","94","101","0","num","","l10n_br_cnab_structure_payment_bb.cnab_bb_240_tributo_sem_bc_segmento_b","DDMMAAAA","content.strftime(""%d%m%Y"") if content else time.strftime(""%d%m%Y"")","date","datetime.strptime(content,""%d%m%Y"") if content != ""00000000"" else False","expected_payment_date",""
"l10n_br_cnab_structure_payment_bb.cnab_bb_240_tributo_sem_bc_segmento_b_102_104","MOEDA","TIPO DA MOEDA","102","104","0","alpha","BRL","l10n_br_cnab_structure_payment_bb.cnab_bb_240_tributo_sem_bc_segmento_b","","","","","currency_type",""
"l10n_br_cnab_structure_payment_bb.cnab_bb_240_tributo_sem_bc_segmento_b_105_119","VALOR DO PAGAMENTO","VALOR DO PAGAMENTO","105","119","2","num","","l10n_br_cnab_structure_payment_bb.cnab_bb_240_tributo_sem_bc_segmento_b","","","amount_currency","","title_value",""
"l10n_br_cnab_structure_payment_bb.cnab_bb_240_tributo_sem_bc_segmento_b_120_134","NOSSO NUMERO","NOSSO NUMERO","120","134","0","alpha","","l10n_br_cnab_structure_payment_bb.cnab_bb_240_tributo_sem_bc_segmento_b","","","","","own_number",""
"l10n_br_cnab_structure_payment_bb.cnab_bb_240_tributo_sem_bc_segmento_b_135_154","BRANCOS","USO EXCLUSIVO FEBRABAN/CNAB","135","154","0","alpha","","l10n_br_cnab_structure_payment_bb.cnab_bb_240_tributo_sem_bc_segmento_b","","","","","",""
"l10n_br_cnab_structure_payment_bb.cnab_bb_240_tributo_sem_bc_segmento_b_155_162","DATA EFETIVA","DATA REAL DA EFETIVACAO","155","162","0","num","","l10n_br_cnab_structure_payment_bb.cnab_bb_240_tributo_sem_bc_segmento_b","","","","datetime.strptime(content,""%d%m%Y"") if content != ""00000000"" else False","real_payment_date",""
"l10n_br_cnab_structure_payment_bb.cnab_bb_240_tributo_sem_bc_segmento_b_163_177","VALOR EFETIVO","VALOR REAL DO PAGAMENTO","163","177","2","num","","l10n_br_cnab_structure_payment_bb.cnab_bb_240_tributo_sem_bc_segmento_b","","","","","payment_value",""
"l10n_br_cnab_structure_payment_bb.cnab_bb_240_tributo_sem_bc_segmento_b_178_217","FINALIDADE","INFORMACOES COMPLEMENTARES","178","217","0","alpha","","l10n_br_cnab_structure_payment_bb.cnab_bb_240_tributo_sem_bc_segmento_b","","","communication","","additional_info",""
"l10n_br_cnab_structure_payment_bb.cnab_bb_240_tributo_sem_bc_segmento_b_218_219","FINALIDADE DOC E STATUS FUNCIONÁRIO","FINALIDADE DO DOC E STATUS DO FUNCIONÁRIO NA EMPRESA","218","219","0","alpha","","l10n_br_cnab_structure_payment_bb.cnab_bb_240_tributo_sem_bc_segmento_b","","","","","doc_purpose",""
"l10n_br_cnab_structure_payment_bb.cnab_bb_240_tributo_sem_bc_segmento_b_220_224","FINALIDADE TED","FINALIDADE DA TED","220","224","0","alpha","","l10n_br_cnab_structure_payment_bb.cnab_bb_240_tributo_sem_bc_segmento_b","","","ted_finality_code","","ted_purpose",""
"l10n_br_cnab_structure_payment_bb.cnab_bb_240_tributo_sem_bc_segmento_b_225_229","BRANCOS","COMPLEMENTO DE REGISTRO","225","229","0","alpha","","l10n_br_cnab_structure_payment_bb.cnab_bb_240_tributo_sem_bc_segmento_b","","","","","",""
"l10n_br_cnab_structure_payment_bb.cnab_bb_240_tributo_sem_bc_segmento_b_230_230","AVISO","AVISO AO FAVORECIDO","230","230","0","num","0","l10n_br_cnab_structure_payment_bb.cnab_bb_240_tributo_sem_bc_segmento_b","","","","","partner_notification",""
"l10n_br_cnab_structure_payment_bb.cnab_bb_240_tributo_sem_bc_segmento_b_231_232","OCORRÊNCIA 01","CÓDIGO OCORRÊNCIAS NO RETORNO","231","232","0","alpha","","l10n_br_cnab_structure_payment_bb.cnab_bb_240_tributo_sem_bc_segmento_b","","","","","occurrence_code_1",""
"l10n_br_cnab_structure_payment_bb.cnab_bb_240_tributo_sem_bc_segmento_b_233_234","OCORRÊNCIA 02","CÓDIGO OCORRÊNCIAS NO RETORNO","233","234","0","alpha","","l10n_br_cnab_structure_payment_bb.cnab_bb_240_tributo_sem_bc_segmento_b","","","","","occurrence_code_2",""
"l10n_br_cnab_structure_payment_bb.cnab_bb_240_tributo_sem_bc_segmento_b_235_236","OCORRÊNCIA 03","CÓDIGO OCORRÊNCIAS NO RETORNO","235","236","0","alpha","","l10n_br_cnab_structure_payment_bb.cnab_bb_240_tributo_sem_bc_segmento_b","","","","","occurrence_code_3",""
"l10n_br_cnab_structure_payment_bb.cnab_bb_240_tributo_sem_bc_segmento_b_237_238","OCORRÊNCIA 04","CÓDIGO OCORRÊNCIAS NO RETORNO","237","238","0","alpha","","l10n_br_cnab_structure_payment_bb.cnab_bb_240_tributo_sem_bc_segmento_b","","","","","occurrence_code_4",""
"l10n_br_cnab_structure_payment_bb.cnab_bb_240_tributo_sem_bc_segmento_b_239_240","OCORRÊNCIA 05","CÓDIGO OCORRÊNCIAS NO RETORNO","239","240","0","alpha","","l10n_br_cnab_structure_payment_bb.cnab_bb_240_tributo_sem_bc_segmento_b","","","","","occurrence_code_5",""
"l10n_br_cnab_structure_payment_bb.cnab_bb_240_tributo_sem_bc_trailer_1_3","CODIGO DO BANCO","CODIGO BANCO","1","3","0","num","001","l10n_br_cnab_structure_payment_bb.cnab_bb_240_tributo_sem_bc_trailer","","","","","",""
"l10n_br_cnab_structure_payment_bb.cnab_bb_240_tributo_sem_bc_trailer_4_7","CODIGO DO LOTE","LOTE DE SERVICO","4","7","0","num","","l10n_br_cnab_structure_payment_bb.cnab_bb_240_tributo_sem_bc_trailer","","seq_batch","","","",""
"l10n_br_cnab_structure_payment_bb.cnab_bb_240_tributo_sem_bc_trailer_8_8","TIPO DE REGISTRO","REGISTRO TRAILER DE LOTE","8","8","0","num","5","l10n_br_cnab_structure_payment_bb.cnab_bb_240_tributo_sem_bc_trailer","","","","","",""
"l10n_br_cnab_structure_payment_bb.cnab_bb_240_tributo_sem_bc_trailer_9_17","BRANCOS","COMPLEMENTO DE REGISTRO","9","17","0","alpha","","l10n_br_cnab_structure_payment_bb.cnab_bb_240_tributo_sem_bc_trailer","","","","","",""
"l10n_br_cnab_structure_payment_bb.cnab_bb_240_tributo_sem_bc_trailer_18_23","TOTAL QTDE REGISTROS","QTDE REGISTROS DO LOTE","18","23","0","num","","l10n_br_cnab_structure_payment_bb.cnab_bb_240_tributo_sem_bc_trailer","","qty_records","","","",""
"l10n_br_cnab_structure_payment_bb.cnab_bb_240_tributo_sem_bc_trailer_24_41","VALOR TOTAL","VALOR TOTAL DOS PAGAMENTOS","24","41","2","num","","l10n_br_cnab_structure_payment_bb.cnab_bb_240_tributo_sem_bc_trailer","","sum(line.amount_currency for line in batch_detail_lines)","","","",""
"l10n_br_cnab_structure_payment_bb.cnab_bb_240_tributo_sem_bc_trailer_42_59","BRANCOS","COMPLEMENTO DE REGISTRO","42","59","0","alpha","0","l10n_br_cnab_structure_payment_bb.cnab_bb_240_tributo_sem_bc_trailer","","","","","",""
"l10n_br_cnab_structure_payment_bb.cnab_bb_240_tributo_sem_bc_trailer_60_230","BRANCOS","COMPLEMENTO DE REGISTRO","60","230","0","alpha","","l10n_br_cnab_structure_payment_bb.cnab_bb_240_tributo_sem_bc_trailer","","","","","",""
"l10n_br_cnab_structure_payment_bb.cnab_bb_240_tributo_sem_bc_trailer_231_240","OCORRENCIAS","CODIGOS DE OCORRENCIA","231","240","0","alpha","","l10n_br_cnab_structure_payment_bb.cnab_bb_240_tributo_sem_bc_trailer","","","","","",""
